participant_id,timestamp_ms,event_type,study_state,condition_index,block_number,condition_block_index,blocks_per_condition,trial_in_block,global_trial_number,technique,size_level,spacing_level,x,y,captured_target_id,goal_target_id,is_goal_selection,wrong_target_clicks,miss_clicks,path_length_px
1,1772829736151,practice_intro,rest,,,,,0,0,,,,,,,-1,,0,0,0
1,1772829740190,practice_block_start,running,PRACTICE,0,1,3,0,0,POINT,L,MED,,,,-1,,0,0,0
1,1772829740190,trial_start,running,PRACTICE,0,1,3,1,0,POINT,L,MED,,,,29,,0,0,0
1,1772829741480,practice_trial_success,running,PRACTICE,0,1,3,1,0,POINT,L,MED,348,155.125,29,29,1,0,0,385.188
1,1772829741481,trial_start,running,PRACTICE,0,1,3,2,0,POINT,L,MED,,,,6,,0,0,0
1,1772829742380,trial_error_click,running,PRACTICE,0,1,3,2,0,POINT,L,MED,41,207.125,-1,6,0,0,1,337.1
1,1772829742758,practice_trial_success,running,PRACTICE,0,1,3,2,0,POINT,L,MED,47,205.125,6,6,1,0,1,343.929
1,1772829742758,trial_start,running,PRACTICE,0,1,3,3,0,POINT,L,MED,,,,9,,0,0,0
1,1772829743958,practice_trial_success,running,PRACTICE,0,1,3,3,0,POINT,L,MED,341,461.125,9,9,1,0,0,567.487
1,1772829743958,trial_start,running,PRACTICE,0,1,3,4,0,POINT,L,MED,,,,19,,0,0,0
1,1772829745187,practice_trial_success,running,PRACTICE,0,1,3,4,0,POINT,L,MED,697,245.125,19,19,1,0,0,655.125
1,1772829745187,trial_start,running,PRACTICE,0,1,3,5,0,POINT,L,MED,,,,26,,0,0,0
1,1772829746126,practice_trial_success,running,PRACTICE,0,1,3,5,0,POINT,L,MED,176,70.125,26,26,1,0,0,581.184
1,1772829746126,practice_block_end,running,PRACTICE,0,1,3,5,0,POINT,L,MED,,,,26,,0,0,581.184
1,1772829746127,intro_screen,rest,PRACTICE,0,1,3,5,0,POINT,L,MED,,,,-1,,0,0,581.184
1,1772829747267,block_start,running,0,1,1,3,0,0,BUBBLE,S,MED,,,,-1,,0,0,581.184
1,1772829747267,trial_start,running,0,1,1,3,1,1,BUBBLE,S,MED,,,,5,,0,0,0
1,1772829748392,trial_success,running,0,1,1,3,1,1,BUBBLE,S,MED,442,151.125,5,5,1,0,0,311.428
1,1772829748392,trial_start,running,0,1,1,3,2,2,BUBBLE,S,MED,,,,2,,0,0,0
1,1772829749315,trial_success,running,0,1,1,3,2,2,BUBBLE,S,MED,658,67.125,2,2,1,0,0,248.729
1,1772829749315,trial_start,running,0,1,1,3,3,3,BUBBLE,S,MED,,,,3,,0,0,0
1,1772829750214,trial_success,running,0,1,1,3,3,3,BUBBLE,S,MED,511,237.125,3,3,1,0,0,230.131
1,1772829750214,trial_start,running,0,1,1,3,4,4,BUBBLE,S,MED,,,,7,,0,0,0
1,1772829751151,trial_success,running,0,1,1,3,4,4,BUBBLE,S,MED,842,360.125,7,7,1,0,0,395.9
1,1772829751151,trial_start,running,0,1,1,3,5,5,BUBBLE,S,MED,,,,19,,0,0,0
1,1772829751946,trial_success,running,0,1,1,3,5,5,BUBBLE,S,MED,823,109.125,19,19,1,0,0,285.632
1,1772829751946,block_end,running,0,1,1,3,5,5,BUBBLE,S,MED,,,,19,,0,0,285.632
1,1772829751946,rest_screen,rest,0,1,1,3,5,5,BUBBLE,S,MED,,,,-1,,0,0,285.632
1,1772829752773,block_start,running,0,2,2,3,0,5,BUBBLE,S,MED,,,,-1,,0,0,285.632
1,1772829752773,trial_start,running,0,2,2,3,1,6,BUBBLE,S,MED,,,,23,,0,0,0
1,1772829753837,trial_success,running,0,2,2,3,1,6,BUBBLE,S,MED,177,249.125,23,23,1,0,0,397.74
1,1772829753837,trial_start,running,0,2,2,3,2,7,BUBBLE,S,MED,,,,13,,0,0,0
1,1772829754703,trial_success,running,0,2,2,3,2,7,BUBBLE,S,MED,272,344.125,13,13,1,0,0,206.745
1,1772829754703,trial_start,running,0,2,2,3,3,8,BUBBLE,S,MED,,,,17,,0,0,0
1,1772829755322,trial_success,running,0,2,2,3,3,8,BUBBLE,S,MED,194,339.125,17,17,1,0,0,127.229
1,1772829755322,trial_start,running,0,2,2,3,4,9,BUBBLE,S,MED,,,,2,,0,0,0
1,1772829756123,trial_success,running,0,2,2,3,4,9,BUBBLE,S,MED,393,377.125,2,2,1,0,0,211.761
1,1772829756123,trial_start,running,0,2,2,3,5,10,BUBBLE,S,MED,,,,17,,0,0,0
1,1772829756866,trial_success,running,0,2,2,3,5,10,BUBBLE,S,MED,182,329.125,17,17,1,0,0,235.129
1,1772829756866,block_end,running,0,2,2,3,5,10,BUBBLE,S,MED,,,,17,,0,0,235.129
1,1772829756866,rest_screen,rest,0,2,2,3,5,10,BUBBLE,S,MED,,,,-1,,0,0,235.129
1,1772829757528,block_start,running,0,3,3,3,0,10,BUBBLE,S,MED,,,,-1,,0,0,235.129
1,1772829757528,trial_start,running,0,3,3,3,1,11,BUBBLE,S,MED,,,,4,,0,0,0
1,1772829758486,trial_success,running,0,3,3,3,1,11,BUBBLE,S,MED,775,325.125,4,4,1,0,0,480.987
1,1772829758486,trial_start,running,0,3,3,3,2,12,BUBBLE,S,MED,,,,26,,0,0,0
1,1772829759514,trial_success,running,0,3,3,3,2,12,BUBBLE,S,MED,143,124.125,26,26,1,0,0,674.738
1,1772829759515,trial_start,running,0,3,3,3,3,13,BUBBLE,S,MED,,,,18,,0,0,0
1,1772829760205,trial_success,running,0,3,3,3,3,13,BUBBLE,S,MED,90,66.125,18,18,1,0,0,118.482
1,1772829760205,trial_start,running,0,3,3,3,4,14,BUBBLE,S,MED,,,,0,,0,0,0
1,1772829761105,trial_success,running,0,3,3,3,4,14,BUBBLE,S,MED,615,407.125,0,0,1,0,0,656.871
1,1772829761105,trial_start,running,0,3,3,3,5,15,BUBBLE,S,MED,,,,7,,0,0,0
1,1772829762108,trial_success,running,0,3,3,3,5,15,BUBBLE,S,MED,99,434.125,7,7,1,0,0,536.441
1,1772829762108,block_end,running,0,3,3,3,5,15,BUBBLE,S,MED,,,,7,,0,0,536.441
1,1772829762109,rest_screen,rest,0,3,3,3,5,15,BUBBLE,S,MED,,,,-1,,0,0,536.441
1,1772829763461,block_start,running,1,4,1,3,0,15,BUBBLE,M,MED,,,,-1,,0,0,536.441
1,1772829763461,trial_start,running,1,4,1,3,1,16,BUBBLE,M,MED,,,,12,,0,0,0
1,1772829764511,trial_success,running,1,4,1,3,1,16,BUBBLE,M,MED,651,436.125,12,12,1,0,0,353.206
1,1772829764511,trial_start,running,1,4,1,3,2,17,BUBBLE,M,MED,,,,15,,0,0,0
1,1772829765509,trial_success,running,1,4,1,3,2,17,BUBBLE,M,MED,257,151.125,15,15,1,0,0,496.793
1,1772829765509,trial_start,running,1,4,1,3,3,18,BUBBLE,M,MED,,,,2,,0,0,0
1,1772829766193,trial_success,running,1,4,1,3,3,18,BUBBLE,M,MED,241,216.125,2,2,1,0,0,74.348
1,1772829766193,trial_start,running,1,4,1,3,4,19,BUBBLE,M,MED,,,,22,,0,0,0
1,1772829767047,trial_success,running,1,4,1,3,4,19,BUBBLE,M,MED,498,436.125,22,22,1,0,0,357.237
1,1772829767047,trial_start,running,1,4,1,3,5,20,BUBBLE,M,MED,,,,28,,0,0,0
1,1772829767825,trial_error_click,running,1,4,1,3,5,20,BUBBLE,M,MED,369,446.125,23,28,0,1,0,202.711
1,1772829768215,trial_success,running,1,4,1,3,5,20,BUBBLE,M,MED,353,456.125,28,28,1,1,0,223.238
1,1772829768215,block_end,running,1,4,1,3,5,20,BUBBLE,M,MED,,,,28,,1,0,223.238
1,1772829768215,rest_screen,rest,1,4,1,3,5,20,BUBBLE,M,MED,,,,-1,,1,0,223.238
1,1772829769341,block_start,running,1,5,2,3,0,20,BUBBLE,M,MED,,,,-1,,1,0,223.238
1,1772829769341,trial_start,running,1,5,2,3,1,21,BUBBLE,M,MED,,,,21,,0,0,0
1,1772829770276,trial_success,running,1,5,2,3,1,21,BUBBLE,M,MED,501,257.125,21,21,1,0,0,98.378
1,1772829770276,trial_start,running,1,5,2,3,2,22,BUBBLE,M,MED,,,,29,,0,0,0
1,1772829771177,trial_success,running,1,5,2,3,2,22,BUBBLE,M,MED,811,452.125,29,29,1,0,0,405.955
1,1772829771177,trial_start,running,1,5,2,3,3,23,BUBBLE,M,MED,,,,7,,0,0,0
1,1772829771844,trial_success,running,1,5,2,3,3,23,BUBBLE,M,MED,786,361.125,7,7,1,0,0,101.27
1,1772829771844,trial_start,running,1,5,2,3,4,24,BUBBLE,M,MED,,,,27,,0,0,0
1,1772829772803,trial_success,running,1,5,2,3,4,24,BUBBLE,M,MED,67,343.125,27,27,1,0,0,742.185
1,1772829772803,trial_start,running,1,5,2,3,5,25,BUBBLE,M,MED,,,,2,,0,0,0
1,1772829773869,trial_success,running,1,5,2,3,5,25,BUBBLE,M,MED,843,240.125,2,2,1,0,0,794.039
1,1772829773869,block_end,running,1,5,2,3,5,25,BUBBLE,M,MED,,,,2,,0,0,794.039
1,1772829773869,rest_screen,rest,1,5,2,3,5,25,BUBBLE,M,MED,,,,-1,,0,0,794.039
1,1772829774611,block_start,running,1,6,3,3,0,25,BUBBLE,M,MED,,,,-1,,0,0,794.039
1,1772829774611,trial_start,running,1,6,3,3,1,26,BUBBLE,M,MED,,,,5,,0,0,0
1,1772829775511,trial_success,running,1,6,3,3,1,26,BUBBLE,M,MED,484,389.125,5,5,1,0,0,257.312
1,1772829775511,trial_start,running,1,6,3,3,2,27,BUBBLE,M,MED,,,,27,,0,0,0
1,1772829776397,trial_success,running,1,6,3,3,2,27,BUBBLE,M,MED,638,41.125,27,27,1,0,0,408.17
1,1772829776397,trial_start,running,1,6,3,3,3,28,BUBBLE,M,MED,,,,12,,0,0,0
1,1772829777244,trial_success,running,1,6,3,3,3,28,BUBBLE,M,MED,556,50.125,12,12,1,0,0,223.95
1,1772829777245,trial_start,running,1,6,3,3,4,29,BUBBLE,M,MED,,,,0,,0,0,0
1,1772829778107,trial_success,running,1,6,3,3,4,29,BUBBLE,M,MED,201,246.125,0,0,1,0,0,431.966
1,1772829778107,trial_start,running,1,6,3,3,5,30,BUBBLE,M,MED,,,,6,,0,0,0
1,1772829779179,trial_success,running,1,6,3,3,5,30,BUBBLE,M,MED,795,80.125,6,6,1,0,0,620.407
1,1772829779179,block_end,running,1,6,3,3,5,30,BUBBLE,M,MED,,,,6,,0,0,620.407
1,1772829779179,rest_screen,rest,1,6,3,3,5,30,BUBBLE,M,MED,,,,-1,,0,0,620.407
1,1772829780137,block_start,running,2,7,1,3,0,30,BUBBLE,L,MED,,,,-1,,0,0,620.407
1,1772829780138,trial_start,running,2,7,1,3,1,31,BUBBLE,L,MED,,,,6,,0,0,0
1,1772829781023,trial_success,running,2,7,1,3,1,31,BUBBLE,L,MED,891,127.125,6,6,1,0,0,504.136
1,1772829781023,trial_start,running,2,7,1,3,2,32,BUBBLE,L,MED,,,,21,,0,0,0
1,1772829781886,trial_success,running,2,7,1,3,2,32,BUBBLE,L,MED,461,352.125,21,21,1,0,0,502.113
1,1772829781886,trial_start,running,2,7,1,3,3,33,BUBBLE,L,MED,,,,17,,0,0,0
1,1772829782756,trial_success,running,2,7,1,3,3,33,BUBBLE,L,MED,692,197.125,17,17,1,0,0,292.29
1,1772829782757,trial_start,running,2,7,1,3,4,34,BUBBLE,L,MED,,,,27,,0,0,0
1,1772829783449,trial_success,running,2,7,1,3,4,34,BUBBLE,L,MED,631,85.125,27,27,1,0,0,135.975
1,1772829783449,trial_start,running,2,7,1,3,5,35,BUBBLE,L,MED,,,,18,,0,0,0
1,1772829784346,trial_success,running,2,7,1,3,5,35,BUBBLE,L,MED,200,437.125,18,18,1,0,0,613.901
1,1772829784346,block_end,running,2,7,1,3,5,35,BUBBLE,L,MED,,,,18,,0,0,613.901
1,1772829784346,rest_screen,rest,2,7,1,3,5,35,BUBBLE,L,MED,,,,-1,,0,0,613.901
1,1772829785534,block_start,running,2,8,2,3,0,35,BUBBLE,L,MED,,,,-1,,0,0,613.901
1,1772829785534,trial_start,running,2,8,2,3,1,36,BUBBLE,L,MED,,,,17,,0,0,0
1,1772829787085,trial_success,running,2,8,2,3,1,36,BUBBLE,L,MED,692,368.125,17,17,1,0,0,303.366
1,1772829787085,trial_start,running,2,8,2,3,2,37,BUBBLE,L,MED,,,,3,,0,0,0
1,1772829787804,trial_success,running,2,8,2,3,2,37,BUBBLE,L,MED,720,280.125,3,3,1,0,0,227.938
1,1772829787804,trial_start,running,2,8,2,3,3,38,BUBBLE,L,MED,,,,26,,0,0,0
1,1772829788741,trial_success,running,2,8,2,3,3,38,BUBBLE,L,MED,217,430.125,26,26,1,0,0,531.852
1,1772829788741,trial_start,running,2,8,2,3,4,39,BUBBLE,L,MED,,,,17,,0,0,0
1,1772829789596,trial_success,running,2,8,2,3,4,39,BUBBLE,L,MED,724,392.125,17,17,1,0,0,560.127
1,1772829789596,trial_start,running,2,8,2,3,5,40,BUBBLE,L,MED,,,,28,,0,0,0
1,1772829790624,trial_success,running,2,8,2,3,5,40,BUBBLE,L,MED,139,64.125,28,28,1,0,0,708.596
1,1772829790624,block_end,running,2,8,2,3,5,40,BUBBLE,L,MED,,,,28,,0,0,708.596
1,1772829790625,rest_screen,rest,2,8,2,3,5,40,BUBBLE,L,MED,,,,-1,,0,0,708.596
1,1772829791375,block_start,running,2,9,3,3,0,40,BUBBLE,L,MED,,,,-1,,0,0,708.596
1,1772829791375,trial_start,running,2,9,3,3,1,41,BUBBLE,L,MED,,,,2,,0,0,0
1,1772829792132,trial_success,running,2,9,3,3,1,41,BUBBLE,L,MED,393,423.125,2,2,1,0,0,183.944
1,1772829792132,trial_start,running,2,9,3,3,2,42,BUBBLE,L,MED,,,,23,,0,0,0
1,1772829792905,trial_success,running,2,9,3,3,2,42,BUBBLE,L,MED,554,67.125,23,23,1,0,0,394.014
1,1772829792905,trial_start,running,2,9,3,3,3,43,BUBBLE,L,MED,,,,16,,0,0,0
1,1772829793700,trial_success,running,2,9,3,3,3,43,BUBBLE,L,MED,162,254.125,16,16,1,0,0,444.093
1,1772829793700,trial_start,running,2,9,3,3,4,44,BUBBLE,L,MED,,,,23,,0,0,0
1,1772829794457,trial_success,running,2,9,3,3,4,44,BUBBLE,L,MED,576,68.125,23,23,1,0,0,464.671
1,1772829794457,trial_start,running,2,9,3,3,5,45,BUBBLE,L,MED,,,,14,,0,0,0
1,1772829795402,trial_success,running,2,9,3,3,5,45,BUBBLE,L,MED,176,322.125,14,14,1,0,0,515.473
1,1772829795402,block_end,running,2,9,3,3,5,45,BUBBLE,L,MED,,,,14,,0,0,515.473
1,1772829795403,rest_screen,rest,2,9,3,3,5,45,BUBBLE,L,MED,,,,-1,,0,0,515.473
1,1772829796106,block_start,running,3,10,1,3,0,45,BUBBLE,S,LOOSE,,,,-1,,0,0,515.473
1,1772829796106,trial_start,running,3,10,1,3,1,46,BUBBLE,S,LOOSE,,,,8,,0,0,0
1,1772829797041,trial_success,running,3,10,1,3,1,46,BUBBLE,S,LOOSE,179,60.125,8,8,1,0,0,410.663
1,1772829797041,trial_start,running,3,10,1,3,2,47,BUBBLE,S,LOOSE,,,,27,,0,0,0
1,1772829798236,trial_success,running,3,10,1,3,2,47,BUBBLE,S,LOOSE,903,455.125,27,27,1,0,0,880.716
1,1772829798236,trial_start,running,3,10,1,3,3,48,BUBBLE,S,LOOSE,,,,1,,0,0,0
1,1772829799248,trial_success,running,3,10,1,3,3,48,BUBBLE,S,LOOSE,479,479.125,1,1,1,0,0,463.158
1,1772829799248,trial_start,running,3,10,1,3,4,49,BUBBLE,S,LOOSE,,,,20,,0,0,0
1,1772829800083,trial_success,running,3,10,1,3,4,49,BUBBLE,S,LOOSE,328,198.125,20,20,1,0,0,325.889
1,1772829800083,trial_start,running,3,10,1,3,5,50,BUBBLE,S,LOOSE,,,,13,,0,0,0
1,1772829800937,trial_success,running,3,10,1,3,5,50,BUBBLE,S,LOOSE,411,50.125,13,13,1,0,0,179.094
1,1772829800937,block_end,running,3,10,1,3,5,50,BUBBLE,S,LOOSE,,,,13,,0,0,179.094
1,1772829800937,rest_screen,rest,3,10,1,3,5,50,BUBBLE,S,LOOSE,,,,-1,,0,0,179.094
1,1772829801633,block_start,running,3,11,2,3,0,50,BUBBLE,S,LOOSE,,,,-1,,0,0,179.094
1,1772829801633,trial_start,running,3,11,2,3,1,51,BUBBLE,S,LOOSE,,,,10,,0,0,0
1,1772829802684,trial_success,running,3,11,2,3,1,51,BUBBLE,S,LOOSE,104,115.125,10,10,1,0,0,380.004
1,1772829802684,trial_start,running,3,11,2,3,2,52,BUBBLE,S,LOOSE,,,,11,,0,0,0
1,1772829803614,trial_success,running,3,11,2,3,2,52,BUBBLE,S,LOOSE,660,293.125,11,11,1,0,0,617.827
1,1772829803614,trial_start,running,3,11,2,3,3,53,BUBBLE,S,LOOSE,,,,27,,0,0,0
1,1772829804326,trial_success,running,3,11,2,3,3,53,BUBBLE,S,LOOSE,486,313.125,27,27,1,0,0,242.496
1,1772829804326,trial_start,running,3,11,2,3,4,54,BUBBLE,S,LOOSE,,,,26,,0,0,0
1,1772829805255,trial_success,running,3,11,2,3,4,54,BUBBLE,S,LOOSE,938,298.125,26,26,1,0,0,506.998
1,1772829805256,trial_start,running,3,11,2,3,5,55,BUBBLE,S,LOOSE,,,,15,,0,0,0
1,1772829806185,trial_success,running,3,11,2,3,5,55,BUBBLE,S,LOOSE,494,105.125,15,15,1,0,0,507.045
1,1772829806185,block_end,running,3,11,2,3,5,55,BUBBLE,S,LOOSE,,,,15,,0,0,507.045
1,1772829806186,rest_screen,rest,3,11,2,3,5,55,BUBBLE,S,LOOSE,,,,-1,,0,0,507.045
1,1772829806801,block_start,running,3,12,3,3,0,55,BUBBLE,S,LOOSE,,,,-1,,0,0,507.045
1,1772829806801,trial_start,running,3,12,3,3,1,56,BUBBLE,S,LOOSE,,,,4,,0,0,0
1,1772829807867,trial_success,running,3,12,3,3,1,56,BUBBLE,S,LOOSE,458,210.125,4,4,1,0,0,369.602
1,1772829807867,trial_start,running,3,12,3,3,2,57,BUBBLE,S,LOOSE,,,,1,,0,0,0
1,1772829808677,trial_success,running,3,12,3,3,2,57,BUBBLE,S,LOOSE,532,150.125,1,1,1,0,0,168.434
1,1772829808677,trial_start,running,3,12,3,3,3,58,BUBBLE,S,LOOSE,,,,19,,0,0,0
1,1772829809561,trial_success,running,3,12,3,3,3,58,BUBBLE,S,LOOSE,494,253.125,19,19,1,0,0,188.358
1,1772829809562,trial_start,running,3,12,3,3,4,59,BUBBLE,S,LOOSE,,,,25,,0,0,0
1,1772829810311,trial_success,running,3,12,3,3,4,59,BUBBLE,S,LOOSE,220,333.125,25,25,1,0,0,295.486
1,1772829810312,trial_start,running,3,12,3,3,5,60,BUBBLE,S,LOOSE,,,,10,,0,0,0
1,1772829811180,trial_success,running,3,12,3,3,5,60,BUBBLE,S,LOOSE,616,147.125,10,10,1,0,0,458.097
1,1772829811180,block_end,running,3,12,3,3,5,60,BUBBLE,S,LOOSE,,,,10,,0,0,458.097
1,1772829811180,rest_screen,rest,3,12,3,3,5,60,BUBBLE,S,LOOSE,,,,-1,,0,0,458.097
1,1772829811751,block_start,running,4,13,1,3,0,60,BUBBLE,L,TIGHT,,,,-1,,0,0,458.097
1,1772829811751,trial_start,running,4,13,1,3,1,61,BUBBLE,L,TIGHT,,,,26,,0,0,0
1,1772829812532,trial_success,running,4,13,1,3,1,61,BUBBLE,L,TIGHT,613,147.125,26,26,1,0,0,301.042
1,1772829812533,trial_start,running,4,13,1,3,2,62,BUBBLE,L,TIGHT,,,,29,,0,0,0
1,1772829813319,trial_success,running,4,13,1,3,2,62,BUBBLE,L,TIGHT,681,54.125,29,29,1,0,0,149.792
1,1772829813319,trial_start,running,4,13,1,3,3,63,BUBBLE,L,TIGHT,,,,28,,0,0,0
1,1772829814435,trial_success,running,4,13,1,3,3,63,BUBBLE,L,TIGHT,83,168.125,28,28,1,0,0,680.249
1,1772829814435,trial_start,running,4,13,1,3,4,64,BUBBLE,L,TIGHT,,,,22,,0,0,0
1,1772829815449,trial_success,running,4,13,1,3,4,64,BUBBLE,L,TIGHT,781,170.125,22,22,1,0,0,749.062
1,1772829815449,trial_start,running,4,13,1,3,5,65,BUBBLE,L,TIGHT,,,,8,,0,0,0
1,1772829816400,trial_success,running,4,13,1,3,5,65,BUBBLE,L,TIGHT,729,408.125,8,8,1,0,0,253.425
1,1772829816401,block_end,running,4,13,1,3,5,65,BUBBLE,L,TIGHT,,,,8,,0,0,253.425
1,1772829816401,rest_screen,rest,4,13,1,3,5,65,BUBBLE,L,TIGHT,,,,-1,,0,0,253.425
1,1772829817001,block_start,running,4,14,2,3,0,65,BUBBLE,L,TIGHT,,,,-1,,0,0,253.425
1,1772829817001,trial_start,running,4,14,2,3,1,66,BUBBLE,L,TIGHT,,,,28,,0,0,0
1,1772829817930,trial_success,running,4,14,2,3,1,66,BUBBLE,L,TIGHT,624,75.125,28,28,1,0,0,328.071
1,1772829817931,trial_start,running,4,14,2,3,2,67,BUBBLE,L,TIGHT,,,,7,,0,0,0
1,1772829818820,trial_success,running,4,14,2,3,2,67,BUBBLE,L,TIGHT,408,23.125,7,7,1,0,0,247.418
1,1772829818821,trial_start,running,4,14,2,3,3,68,BUBBLE,L,TIGHT,,,,8,,0,0,0
1,1772829819537,trial_success,running,4,14,2,3,3,68,BUBBLE,L,TIGHT,256,132.125,8,8,1,0,0,193.873
1,1772829819538,trial_start,running,4,14,2,3,4,69,BUBBLE,L,TIGHT,,,,15,,0,0,0
1,1772829820361,trial_success,running,4,14,2,3,4,69,BUBBLE,L,TIGHT,53,348.125,15,15,1,0,0,317.956
1,1772829820361,trial_start,running,4,14,2,3,5,70,BUBBLE,L,TIGHT,,,,29,,0,0,0
1,1772829821472,trial_success,running,4,14,2,3,5,70,BUBBLE,L,TIGHT,817,170.125,29,29,1,0,0,879.774
1,1772829821472,block_end,running,4,14,2,3,5,70,BUBBLE,L,TIGHT,,,,29,,0,0,879.774
1,1772829821472,rest_screen,rest,4,14,2,3,5,70,BUBBLE,L,TIGHT,,,,-1,,0,0,879.774
1,1772829822125,block_start,running,4,15,3,3,0,70,BUBBLE,L,TIGHT,,,,-1,,0,0,879.774
1,1772829822125,trial_start,running,4,15,3,3,1,71,BUBBLE,L,TIGHT,,,,6,,0,0,0
1,1772829823250,trial_success,running,4,15,3,3,1,71,BUBBLE,L,TIGHT,524,440.125,6,6,1,0,0,415.7
1,1772829823250,trial_start,running,4,15,3,3,2,72,BUBBLE,L,TIGHT,,,,19,,0,0,0
1,1772829824059,trial_success,running,4,15,3,3,2,72,BUBBLE,L,TIGHT,654,314.125,19,19,1,0,0,240.792
1,1772829824059,trial_start,running,4,15,3,3,3,73,BUBBLE,L,TIGHT,,,,23,,0,0,0
1,1772829824848,trial_success,running,4,15,3,3,3,73,BUBBLE,L,TIGHT,444,95.125,23,23,1,0,0,398.539
1,1772829824848,trial_start,running,4,15,3,3,4,74,BUBBLE,L,TIGHT,,,,19,,0,0,0
1,1772829825985,trial_success,running,4,15,3,3,4,74,BUBBLE,L,TIGHT,643,292.125,19,19,1,0,0,315.3
1,1772829825985,trial_start,running,4,15,3,3,5,75,BUBBLE,L,TIGHT,,,,11,,0,0,0
1,1772829826877,trial_success,running,4,15,3,3,5,75,BUBBLE,L,TIGHT,690,363.125,11,11,1,0,0,225.982
1,1772829826877,block_end,running,4,15,3,3,5,75,BUBBLE,L,TIGHT,,,,11,,0,0,225.982
1,1772829826877,rest_screen,rest,4,15,3,3,5,75,BUBBLE,L,TIGHT,,,,-1,,0,0,225.982
1,1772829827359,block_start,running,5,16,1,3,0,75,BUBBLE,M,LOOSE,,,,-1,,0,0,225.982
1,1772829827360,trial_start,running,5,16,1,3,1,76,BUBBLE,M,LOOSE,,,,1,,0,0,0
1,1772829828266,trial_success,running,5,16,1,3,1,76,BUBBLE,M,LOOSE,307,453.125,1,1,1,0,0,355.917
1,1772829828267,trial_start,running,5,16,1,3,2,77,BUBBLE,M,LOOSE,,,,29,,0,0,0
1,1772829829234,trial_success,running,5,16,1,3,2,77,BUBBLE,M,LOOSE,878,278.125,29,29,1,0,0,704.217
1,1772829829234,trial_start,running,5,16,1,3,3,78,BUBBLE,M,LOOSE,,,,24,,0,0,0
1,1772829829939,trial_success,running,5,16,1,3,3,78,BUBBLE,M,LOOSE,594,346.125,24,24,1,0,0,298.381
1,1772829829939,trial_start,running,5,16,1,3,4,79,BUBBLE,M,LOOSE,,,,20,,0,0,0
1,1772829830531,trial_success,running,5,16,1,3,4,79,BUBBLE,M,LOOSE,509,339.125,20,20,1,0,0,106.113
1,1772829830532,trial_start,running,5,16,1,3,5,80,BUBBLE,M,LOOSE,,,,17,,0,0,0
1,1772829831099,trial_success,running,5,16,1,3,5,80,BUBBLE,M,LOOSE,466,316.125,17,17,1,0,0,57.624
1,1772829831099,block_end,running,5,16,1,3,5,80,BUBBLE,M,LOOSE,,,,17,,0,0,57.624
1,1772829831100,rest_screen,rest,5,16,1,3,5,80,BUBBLE,M,LOOSE,,,,-1,,0,0,57.624
1,1772829831649,block_start,running,5,17,2,3,0,80,BUBBLE,M,LOOSE,,,,-1,,0,0,57.624
1,1772829831649,trial_start,running,5,17,2,3,1,81,BUBBLE,M,LOOSE,,,,13,,0,0,0
1,1772829832499,trial_success,running,5,17,2,3,1,81,BUBBLE,M,LOOSE,764,355.125,13,13,1,0,0,306.557
1,1772829832499,trial_start,running,5,17,2,3,2,82,BUBBLE,M,LOOSE,,,,2,,0,0,0
1,1772829833517,trial_success,running,5,17,2,3,2,82,BUBBLE,M,LOOSE,723,72.125,2,2,1,0,0,359.579
1,1772829833517,trial_start,running,5,17,2,3,3,83,BUBBLE,M,LOOSE,,,,13,,0,0,0
1,1772829834343,trial_success,running,5,17,2,3,3,83,BUBBLE,M,LOOSE,767,369.125,13,13,1,0,0,301.81
1,1772829834343,trial_start,running,5,17,2,3,4,84,BUBBLE,M,LOOSE,,,,20,,0,0,0
1,1772829835203,trial_success,running,5,17,2,3,4,84,BUBBLE,M,LOOSE,809,109.125,20,20,1,0,0,347.578
1,1772829835203,trial_start,running,5,17,2,3,5,85,BUBBLE,M,LOOSE,,,,8,,0,0,0
1,1772829836433,trial_success,running,5,17,2,3,5,85,BUBBLE,M,LOOSE,73,468.125,8,8,1,0,0,921.436
1,1772829836433,block_end,running,5,17,2,3,5,85,BUBBLE,M,LOOSE,,,,8,,0,0,921.436
1,1772829836434,rest_screen,rest,5,17,2,3,5,85,BUBBLE,M,LOOSE,,,,-1,,0,0,921.436
1,1772829839510,block_start,running,5,18,3,3,0,85,BUBBLE,M,LOOSE,,,,-1,,0,0,921.436
1,1772829839511,trial_start,running,5,18,3,3,1,86,BUBBLE,M,LOOSE,,,,25,,0,0,0
1,1772829840476,trial_success,running,5,18,3,3,1,86,BUBBLE,M,LOOSE,90,203.125,25,25,1,0,0,745.96
1,1772829840476,trial_start,running,5,18,3,3,2,87,BUBBLE,M,LOOSE,,,,20,,0,0,0
1,1772829841309,trial_success,running,5,18,3,3,2,87,BUBBLE,M,LOOSE,371,337.125,20,20,1,0,0,321.377
1,1772829841309,trial_start,running,5,18,3,3,3,88,BUBBLE,M,LOOSE,,,,4,,0,0,0
1,1772829842029,trial_success,running,5,18,3,3,3,88,BUBBLE,M,LOOSE,443,277.125,4,4,1,0,0,104.67
1,1772829842029,trial_start,running,5,18,3,3,4,89,BUBBLE,M,LOOSE,,,,12,,0,0,0
1,1772829842906,trial_success,running,5,18,3,3,4,89,BUBBLE,M,LOOSE,638,283.125,12,12,1,0,0,200.104
1,1772829842906,trial_start,running,5,18,3,3,5,90,BUBBLE,M,LOOSE,,,,4,,0,0,0
1,1772829843642,trial_success,running,5,18,3,3,5,90,BUBBLE,M,LOOSE,454,282.125,4,4,1,0,0,193.219
1,1772829843642,block_end,running,5,18,3,3,5,90,BUBBLE,M,LOOSE,,,,4,,0,0,193.219
1,1772829843642,rest_screen,rest,5,18,3,3,5,90,BUBBLE,M,LOOSE,,,,-1,,0,0,193.219
1,1772829844204,block_start,running,6,19,1,3,0,90,BUBBLE,S,TIGHT,,,,-1,,0,0,193.219
1,1772829844204,trial_start,running,6,19,1,3,1,91,BUBBLE,S,TIGHT,,,,0,,0,0,0
1,1772829845200,trial_success,running,6,19,1,3,1,91,BUBBLE,S,TIGHT,854,476.125,0,0,1,0,0,582.276
1,1772829845201,trial_start,running,6,19,1,3,2,92,BUBBLE,S,TIGHT,,,,14,,0,0,0
1,1772829846131,trial_success,running,6,19,1,3,2,92,BUBBLE,S,TIGHT,835,158.125,14,14,1,0,0,352.113
1,1772829846131,trial_start,running,6,19,1,3,3,93,BUBBLE,S,TIGHT,,,,22,,0,0,0
1,1772829847008,trial_success,running,6,19,1,3,3,93,BUBBLE,S,TIGHT,394,409.125,22,22,1,0,0,528.286
1,1772829847008,trial_start,running,6,19,1,3,4,94,BUBBLE,S,TIGHT,,,,8,,0,0,0
1,1772829847631,trial_success,running,6,19,1,3,4,94,BUBBLE,S,TIGHT,374,265.125,8,8,1,0,0,149.601
1,1772829847631,trial_start,running,6,19,1,3,5,95,BUBBLE,S,TIGHT,,,,6,,0,0,0
1,1772829848396,trial_success,running,6,19,1,3,5,95,BUBBLE,S,TIGHT,90,370.125,6,6,1,0,0,316.939
1,1772829848396,block_end,running,6,19,1,3,5,95,BUBBLE,S,TIGHT,,,,6,,0,0,316.939
1,1772829848397,rest_screen,rest,6,19,1,3,5,95,BUBBLE,S,TIGHT,,,,-1,,0,0,316.939
1,1772829849032,block_start,running,6,20,2,3,0,95,BUBBLE,S,TIGHT,,,,-1,,0,0,316.939
1,1772829849032,trial_start,running,6,20,2,3,1,96,BUBBLE,S,TIGHT,,,,15,,0,0,0
1,1772829850107,trial_success,running,6,20,2,3,1,96,BUBBLE,S,TIGHT,663,453.125,15,15,1,0,0,345.837
1,1772829850107,trial_start,running,6,20,2,3,2,97,BUBBLE,S,TIGHT,,,,23,,0,0,0
1,1772829850969,trial_success,running,6,20,2,3,2,97,BUBBLE,S,TIGHT,645,394.125,23,23,1,0,0,114.471
1,1772829850970,trial_start,running,6,20,2,3,3,98,BUBBLE,S,TIGHT,,,,7,,0,0,0
1,1772829851877,trial_success,running,6,20,2,3,3,98,BUBBLE,S,TIGHT,414,73.125,7,7,1,0,0,404.309
1,1772829851877,trial_start,running,6,20,2,3,4,99,BUBBLE,S,TIGHT,,,,0,,0,0,0
1,1772829852851,trial_success,running,6,20,2,3,4,99,BUBBLE,S,TIGHT,791,414.125,0,0,1,0,0,543.33
1,1772829852851,trial_start,running,6,20,2,3,5,100,BUBBLE,S,TIGHT,,,,15,,0,0,0
1,1772829853564,trial_success,running,6,20,2,3,5,100,BUBBLE,S,TIGHT,716,443.125,15,15,1,0,0,83.866
1,1772829853564,block_end,running,6,20,2,3,5,100,BUBBLE,S,TIGHT,,,,15,,0,0,83.866
1,1772829853564,rest_screen,rest,6,20,2,3,5,100,BUBBLE,S,TIGHT,,,,-1,,0,0,83.866
1,1772829854187,block_start,running,6,21,3,3,0,100,BUBBLE,S,TIGHT,,,,-1,,0,0,83.866
1,1772829854187,trial_start,running,6,21,3,3,1,101,BUBBLE,S,TIGHT,,,,7,,0,0,0
1,1772829855110,trial_success,running,6,21,3,3,1,101,BUBBLE,S,TIGHT,170,127.125,7,7,1,0,0,465.354
1,1772829855110,trial_start,running,6,21,3,3,2,102,BUBBLE,S,TIGHT,,,,20,,0,0,0
1,1772829856009,trial_success,running,6,21,3,3,2,102,BUBBLE,S,TIGHT,278,22.125,20,20,1,0,0,264.683
1,1772829856009,trial_start,running,6,21,3,3,3,103,BUBBLE,S,TIGHT,,,,5,,0,0,0
1,1772829857246,trial_success,running,6,21,3,3,3,103,BUBBLE,S,TIGHT,885,89.125,5,5,1,0,0,670.968
1,1772829857246,trial_start,running,6,21,3,3,4,104,BUBBLE,S,TIGHT,,,,20,,0,0,0
1,1772829858221,trial_success,running,6,21,3,3,4,104,BUBBLE,S,TIGHT,299,27.125,20,20,1,0,0,664.24
1,1772829858221,trial_start,running,6,21,3,3,5,105,BUBBLE,S,TIGHT,,,,26,,0,0,0
1,1772829859218,trial_success,running,6,21,3,3,5,105,BUBBLE,S,TIGHT,221,457.125,26,26,1,0,0,466.038
1,1772829859219,block_end,running,6,21,3,3,5,105,BUBBLE,S,TIGHT,,,,26,,0,0,466.038
1,1772829859219,rest_screen,rest,6,21,3,3,5,105,BUBBLE,S,TIGHT,,,,-1,,0,0,466.038
1,1772829860007,block_start,running,7,22,1,3,0,105,BUBBLE,M,TIGHT,,,,-1,,0,0,466.038
1,1772829860007,trial_start,running,7,22,1,3,1,106,BUBBLE,M,TIGHT,,,,28,,0,0,0
1,1772829860883,trial_success,running,7,22,1,3,1,106,BUBBLE,M,TIGHT,312,354.125,28,28,1,0,0,161.463
1,1772829860883,trial_start,running,7,22,1,3,2,107,BUBBLE,M,TIGHT,,,,5,,0,0,0
1,1772829861762,trial_success,running,7,22,1,3,2,107,BUBBLE,M,TIGHT,696,425.125,5,5,1,0,0,414.873
1,1772829861762,trial_start,running,7,22,1,3,3,108,BUBBLE,M,TIGHT,,,,16,,0,0,0
1,1772829862481,trial_success,running,7,22,1,3,3,108,BUBBLE,M,TIGHT,593,250.125,16,16,1,0,0,206.799
1,1772829862481,trial_start,running,7,22,1,3,4,109,BUBBLE,M,TIGHT,,,,15,,0,0,0
1,1772829863328,trial_success,running,7,22,1,3,4,109,BUBBLE,M,TIGHT,471,464.125,15,15,1,0,0,376.643
1,1772829863328,trial_start,running,7,22,1,3,5,110,BUBBLE,M,TIGHT,,,,27,,0,0,0
1,1772829864215,trial_success,running,7,22,1,3,5,110,BUBBLE,M,TIGHT,426,74.125,27,27,1,0,0,510.197
1,1772829864215,block_end,running,7,22,1,3,5,110,BUBBLE,M,TIGHT,,,,27,,0,0,510.197
1,1772829864215,rest_screen,rest,7,22,1,3,5,110,BUBBLE,M,TIGHT,,,,-1,,0,0,510.197
1,1772829864753,block_start,running,7,23,2,3,0,110,BUBBLE,M,TIGHT,,,,-1,,0,0,510.197
1,1772829864753,trial_start,running,7,23,2,3,1,111,BUBBLE,M,TIGHT,,,,18,,0,0,0
1,1772829865571,trial_success,running,7,23,2,3,1,111,BUBBLE,M,TIGHT,709,321.125,18,18,1,0,0,323.4
1,1772829865571,trial_start,running,7,23,2,3,2,112,BUBBLE,M,TIGHT,,,,23,,0,0,0
1,1772829866621,trial_success,running,7,23,2,3,2,112,BUBBLE,M,TIGHT,869,108.125,23,23,1,0,0,288.784
1,1772829866621,trial_start,running,7,23,2,3,3,113,BUBBLE,M,TIGHT,,,,14,,0,0,0
1,1772829867313,trial_success,running,7,23,2,3,3,113,BUBBLE,M,TIGHT,822,455.125,14,14,1,0,0,361.635
1,1772829867313,trial_start,running,7,23,2,3,4,114,BUBBLE,M,TIGHT,,,,1,,0,0,0
1,1772829868158,trial_success,running,7,23,2,3,4,114,BUBBLE,M,TIGHT,273,257.125,1,1,1,0,0,622.848
1,1772829868158,trial_start,running,7,23,2,3,5,115,BUBBLE,M,TIGHT,,,,23,,0,0,0
1,1772829869096,trial_success,running,7,23,2,3,5,115,BUBBLE,M,TIGHT,889,99.125,23,23,1,0,0,651.048
1,1772829869096,block_end,running,7,23,2,3,5,115,BUBBLE,M,TIGHT,,,,23,,0,0,651.048
1,1772829869096,rest_screen,rest,7,23,2,3,5,115,BUBBLE,M,TIGHT,,,,-1,,0,0,651.048
1,1772829869801,block_start,running,7,24,3,3,0,115,BUBBLE,M,TIGHT,,,,-1,,0,0,651.048
1,1772829869801,trial_start,running,7,24,3,3,1,116,BUBBLE,M,TIGHT,,,,25,,0,0,0
1,1772829870642,trial_success,running,7,24,3,3,1,116,BUBBLE,M,TIGHT,561,66.125,25,25,1,0,0,345.672
1,1772829870642,trial_start,running,7,24,3,3,2,117,BUBBLE,M,TIGHT,,,,24,,0,0,0
1,1772829871466,trial_success,running,7,24,3,3,2,117,BUBBLE,M,TIGHT,178,331.125,24,24,1,0,0,509.111
1,1772829871467,trial_start,running,7,24,3,3,3,118,BUBBLE,M,TIGHT,,,,25,,0,0,0
1,1772829872179,trial_success,running,7,24,3,3,3,118,BUBBLE,M,TIGHT,578,57.125,25,25,1,0,0,488.968
1,1772829872179,trial_start,running,7,24,3,3,4,119,BUBBLE,M,TIGHT,,,,12,,0,0,0
1,1772829872980,trial_success,running,7,24,3,3,4,119,BUBBLE,M,TIGHT,475,278.125,12,12,1,0,0,259.44
1,1772829872981,trial_start,running,7,24,3,3,5,120,BUBBLE,M,TIGHT,,,,1,,0,0,0
1,1772829873940,trial_success,running,7,24,3,3,5,120,BUBBLE,M,TIGHT,835,310.125,1,1,1,0,0,375.673
1,1772829873940,block_end,running,7,24,3,3,5,120,BUBBLE,M,TIGHT,,,,1,,0,0,375.673
1,1772829873940,rest_screen,rest,7,24,3,3,5,120,BUBBLE,M,TIGHT,,,,-1,,0,0,375.673
1,1772829874634,block_start,running,8,25,1,3,0,120,BUBBLE,L,LOOSE,,,,-1,,0,0,375.673
1,1772829874634,trial_start,running,8,25,1,3,1,121,BUBBLE,L,LOOSE,,,,26,,0,0,0
1,1772829875509,trial_success,running,8,25,1,3,1,121,BUBBLE,L,LOOSE,393,73.125,26,26,1,0,0,387.929
1,1772829875510,trial_start,running,8,25,1,3,2,122,BUBBLE,L,LOOSE,,,,11,,0,0,0
1,1772829876297,trial_success,running,8,25,1,3,2,122,BUBBLE,L,LOOSE,372,343.125,11,11,1,0,0,274.468
1,1772829876297,trial_start,running,8,25,1,3,3,123,BUBBLE,L,LOOSE,,,,4,,0,0,0
1,1772829877135,trial_success,running,8,25,1,3,3,123,BUBBLE,L,LOOSE,535,402.125,4,4,1,0,0,213.578
1,1772829877136,trial_start,running,8,25,1,3,4,124,BUBBLE,L,LOOSE,,,,15,,0,0,0
1,1772829878066,trial_success,running,8,25,1,3,4,124,BUBBLE,L,LOOSE,160,16.125,15,15,1,0,0,615.93
1,1772829878066,trial_start,running,8,25,1,3,5,125,BUBBLE,L,LOOSE,,,,21,,0,0,0
1,1772829878771,trial_success,running,8,25,1,3,5,125,BUBBLE,L,LOOSE,194,232.125,21,21,1,0,0,286.211
1,1772829878771,block_end,running,8,25,1,3,5,125,BUBBLE,L,LOOSE,,,,21,,0,0,286.211
1,1772829878772,rest_screen,rest,8,25,1,3,5,125,BUBBLE,L,LOOSE,,,,-1,,0,0,286.211
1,1772829879461,block_start,running,8,26,2,3,0,125,BUBBLE,L,LOOSE,,,,-1,,0,0,286.211
1,1772829879461,trial_start,running,8,26,2,3,1,126,BUBBLE,L,LOOSE,,,,24,,0,0,0
1,1772829880196,trial_success,running,8,26,2,3,1,126,BUBBLE,L,LOOSE,567,78.125,24,24,1,0,0,244.314
1,1772829880196,trial_start,running,8,26,2,3,2,127,BUBBLE,L,LOOSE,,,,21,,0,0,0
1,1772829880916,trial_success,running,8,26,2,3,2,127,BUBBLE,L,LOOSE,334,71.125,21,21,1,0,0,384.512
1,1772829880916,trial_start,running,8,26,2,3,3,128,BUBBLE,L,LOOSE,,,,17,,0,0,0
1,1772829881644,trial_success,running,8,26,2,3,3,128,BUBBLE,L,LOOSE,386,450.125,17,17,1,0,0,391.14
1,1772829881644,trial_start,running,8,26,2,3,4,129,BUBBLE,L,LOOSE,,,,0,,0,0,0
1,1772829882506,trial_success,running,8,26,2,3,4,129,BUBBLE,L,LOOSE,174,254.125,0,0,1,0,0,337.326
1,1772829882506,trial_start,running,8,26,2,3,5,130,BUBBLE,L,LOOSE,,,,1,,0,0,0
1,1772829883308,trial_success,running,8,26,2,3,5,130,BUBBLE,L,LOOSE,722,450.125,1,1,1,0,0,627.967
1,1772829883308,block_end,running,8,26,2,3,5,130,BUBBLE,L,LOOSE,,,,1,,0,0,627.967
1,1772829883308,rest_screen,rest,8,26,2,3,5,130,BUBBLE,L,LOOSE,,,,-1,,0,0,627.967
1,1772829883804,block_start,running,8,27,3,3,0,130,BUBBLE,L,LOOSE,,,,-1,,0,0,627.967
1,1772829883804,trial_start,running,8,27,3,3,1,131,BUBBLE,L,LOOSE,,,,12,,0,0,0
1,1772829884604,trial_success,running,8,27,3,3,1,131,BUBBLE,L,LOOSE,10,345.125,12,12,1,0,0,640.181
1,1772829884604,trial_start,running,8,27,3,3,2,132,BUBBLE,L,LOOSE,,,,4,,0,0,0
1,1772829885281,trial_success,running,8,27,3,3,2,132,BUBBLE,L,LOOSE,281,63.125,4,4,1,0,0,467.842
1,1772829885281,trial_start,running,8,27,3,3,3,133,BUBBLE,L,LOOSE,,,,2,,0,0,0
1,1772829886030,trial_success,running,8,27,3,3,3,133,BUBBLE,L,LOOSE,289,363.125,2,2,1,0,0,333.054
1,1772829886031,trial_start,running,8,27,3,3,4,134,BUBBLE,L,LOOSE,,,,16,,0,0,0
1,1772829886758,trial_success,running,8,27,3,3,4,134,BUBBLE,L,LOOSE,333,96.125,16,16,1,0,0,277.687
1,1772829886758,trial_start,running,8,27,3,3,5,135,BUBBLE,L,LOOSE,,,,24,,0,0,0
1,1772829887600,trial_success,running,8,27,3,3,5,135,BUBBLE,L,LOOSE,636,159.125,24,24,1,0,0,446.19
1,1772829887600,block_end,running,8,27,3,3,5,135,BUBBLE,L,LOOSE,,,,24,,0,0,446.19
1,1772829887601,rest_screen,rest,8,27,3,3,5,135,BUBBLE,L,LOOSE,,,,-1,,0,0,446.19
1,1772829888170,block_start,running,9,28,1,3,0,135,POINT,L,MED,,,,-1,,0,0,446.19
1,1772829888170,trial_start,running,9,28,1,3,1,136,POINT,L,MED,,,,13,,0,0,0
1,1772829889286,trial_success,running,9,28,1,3,1,136,POINT,L,MED,337,184.125,13,13,1,0,0,216.611
1,1772829889286,trial_start,running,9,28,1,3,2,137,POINT,L,MED,,,,14,,0,0,0
1,1772829890163,trial_success,running,9,28,1,3,2,137,POINT,L,MED,157,446.125,14,14,1,0,0,358.835
1,1772829890163,trial_start,running,9,28,1,3,3,138,POINT,L,MED,,,,18,,0,0,0
1,1772829890995,trial_success,running,9,28,1,3,3,138,POINT,L,MED,680,172.125,18,18,1,0,0,704.558
1,1772829890996,trial_start,running,9,28,1,3,4,139,POINT,L,MED,,,,8,,0,0,0
1,1772829891821,trial_success,running,9,28,1,3,4,139,POINT,L,MED,507,119.125,8,8,1,0,0,245.707
1,1772829891822,trial_start,running,9,28,1,3,5,140,POINT,L,MED,,,,0,,0,0,0
1,1772829892587,trial_success,running,9,28,1,3,5,140,POINT,L,MED,868,186.125,0,0,1,0,0,457.785
1,1772829892587,block_end,running,9,28,1,3,5,140,POINT,L,MED,,,,0,,0,0,457.785
1,1772829892587,rest_screen,rest,9,28,1,3,5,140,POINT,L,MED,,,,-1,,0,0,457.785
1,1772829893269,block_start,running,9,29,2,3,0,140,POINT,L,MED,,,,-1,,0,0,457.785
1,1772829893269,trial_start,running,9,29,2,3,1,141,POINT,L,MED,,,,4,,0,0,0
1,1772829893980,trial_success,running,9,29,2,3,1,141,POINT,L,MED,570,242.125,4,4,1,0,0,162.725
1,1772829893980,trial_start,running,9,29,2,3,2,142,POINT,L,MED,,,,18,,0,0,0
1,1772829894746,trial_success,running,9,29,2,3,2,142,POINT,L,MED,553,405.125,18,18,1,0,0,187.564
1,1772829894746,trial_start,running,9,29,2,3,3,143,POINT,L,MED,,,,27,,0,0,0
1,1772829895494,trial_success,running,9,29,2,3,3,143,POINT,L,MED,479,224.125,27,27,1,0,0,204.567
1,1772829895494,trial_start,running,9,29,2,3,4,144,POINT,L,MED,,,,5,,0,0,0
1,1772829896275,trial_success,running,9,29,2,3,4,144,POINT,L,MED,658,120.125,5,5,1,0,0,287.204
1,1772829896275,trial_start,running,9,29,2,3,5,145,POINT,L,MED,,,,8,,0,0,0
1,1772829896979,trial_success,running,9,29,2,3,5,145,POINT,L,MED,641,327.125,8,8,1,0,0,217.285
1,1772829896979,block_end,running,9,29,2,3,5,145,POINT,L,MED,,,,8,,0,0,217.285
1,1772829896979,rest_screen,rest,9,29,2,3,5,145,POINT,L,MED,,,,-1,,0,0,217.285
1,1772829897918,block_start,running,9,30,3,3,0,145,POINT,L,MED,,,,-1,,0,0,217.285
1,1772829897919,trial_start,running,9,30,3,3,1,146,POINT,L,MED,,,,17,,0,0,0
1,1772829899087,trial_success,running,9,30,3,3,1,146,POINT,L,MED,73,310.125,17,17,1,0,0,494.729
1,1772829899088,trial_start,running,9,30,3,3,2,147,POINT,L,MED,,,,9,,0,0,0
1,1772829899757,trial_success,running,9,30,3,3,2,147,POINT,L,MED,444,337.125,9,9,1,0,0,382.934
1,1772829899757,trial_start,running,9,30,3,3,3,148,POINT,L,MED,,,,1,,0,0,0
1,1772829900410,trial_success,running,9,30,3,3,3,148,POINT,L,MED,254,307.125,1,1,1,0,0,202.849
1,1772829900410,trial_start,running,9,30,3,3,4,149,POINT,L,MED,,,,17,,0,0,0
1,1772829901339,trial_success,running,9,30,3,3,4,149,POINT,L,MED,43,317.125,17,17,1,0,0,428.2
1,1772829901339,trial_start,running,9,30,3,3,5,150,POINT,L,MED,,,,3,,0,0,0
1,1772829902525,trial_success,running,9,30,3,3,5,150,POINT,L,MED,300,77.125,3,3,1,0,0,638.088
1,1772829902525,block_end,running,9,30,3,3,5,150,POINT,L,MED,,,,3,,0,0,638.088
1,1772829902525,rest_screen,rest,9,30,3,3,5,150,POINT,L,MED,,,,-1,,0,0,638.088
1,1772829903130,block_start,running,10,31,1,3,0,150,POINT,M,MED,,,,-1,,0,0,638.088
1,1772829903131,trial_start,running,10,31,1,3,1,151,POINT,M,MED,,,,3,,0,0,0
1,1772829904106,trial_success,running,10,31,1,3,1,151,POINT,M,MED,515,456.125,3,3,1,0,0,260.571
1,1772829904106,trial_start,running,10,31,1,3,2,152,POINT,M,MED,,,,4,,0,0,0
1,1772829904985,trial_success,running,10,31,1,3,2,152,POINT,M,MED,512,50.125,4,4,1,0,0,425.155
1,1772829904985,trial_start,running,10,31,1,3,3,153,POINT,M,MED,,,,13,,0,0,0
1,1772829905943,trial_success,running,10,31,1,3,3,153,POINT,M,MED,752,214.125,13,13,1,0,0,351.596
1,1772829905944,trial_start,running,10,31,1,3,4,154,POINT,M,MED,,,,8,,0,0,0
1,1772829906783,trial_success,running,10,31,1,3,4,154,POINT,M,MED,908,396.125,8,8,1,0,0,416.78
1,1772829906783,trial_start,running,10,31,1,3,5,155,POINT,M,MED,,,,9,,0,0,0
1,1772829907834,trial_success,running,10,31,1,3,5,155,POINT,M,MED,326,212.125,9,9,1,0,0,630.791
1,1772829907834,block_end,running,10,31,1,3,5,155,POINT,M,MED,,,,9,,0,0,630.791
1,1772829907834,rest_screen,rest,10,31,1,3,5,155,POINT,M,MED,,,,-1,,0,0,630.791
1,1772829911704,block_start,running,10,32,2,3,0,155,POINT,M,MED,,,,-1,,0,0,630.791
1,1772829911704,trial_start,running,10,32,2,3,1,156,POINT,M,MED,,,,18,,0,0,0
1,1772829912686,trial_success,running,10,32,2,3,1,156,POINT,M,MED,670,306.125,18,18,1,0,0,297.288
1,1772829912686,trial_start,running,10,32,2,3,2,157,POINT,M,MED,,,,3,,0,0,0
1,1772829913646,trial_success,running,10,32,2,3,2,157,POINT,M,MED,371,461.125,3,3,1,0,0,459.149
1,1772829913647,trial_start,running,10,32,2,3,3,158,POINT,M,MED,,,,9,,0,0,0
1,1772829914494,trial_success,running,10,32,2,3,3,158,POINT,M,MED,502,180.125,9,9,1,0,0,375.977
1,1772829914494,trial_start,running,10,32,2,3,4,159,POINT,M,MED,,,,1,,0,0,0
1,1772829915303,trial_success,running,10,32,2,3,4,159,POINT,M,MED,800,368.125,1,1,1,0,0,371.414
1,1772829915303,trial_start,running,10,32,2,3,5,160,POINT,M,MED,,,,16,,0,0,0
1,1772829916099,trial_success,running,10,32,2,3,5,160,POINT,M,MED,257,236.125,16,16,1,0,0,572.357
1,1772829916099,block_end,running,10,32,2,3,5,160,POINT,M,MED,,,,16,,0,0,572.357
1,1772829916099,rest_screen,rest,10,32,2,3,5,160,POINT,M,MED,,,,-1,,0,0,572.357
1,1772829916684,block_start,running,10,33,3,3,0,160,POINT,M,MED,,,,-1,,0,0,572.357
1,1772829916685,trial_start,running,10,33,3,3,1,161,POINT,M,MED,,,,13,,0,0,0
1,1772829917755,trial_success,running,10,33,3,3,1,161,POINT,M,MED,737,419.125,13,13,1,0,0,489.963
1,1772829917755,trial_start,running,10,33,3,3,2,162,POINT,M,MED,,,,27,,0,0,0
1,1772829918447,trial_success,running,10,33,3,3,2,162,POINT,M,MED,645,322.125,27,27,1,0,0,176.032
1,1772829918447,trial_start,running,10,33,3,3,3,163,POINT,M,MED,,,,7,,0,0,0
1,1772829919311,trial_success,running,10,33,3,3,3,163,POINT,M,MED,700,95.125,7,7,1,0,0,250.593
1,1772829919311,trial_start,running,10,33,3,3,4,164,POINT,M,MED,,,,20,,0,0,0
1,1772829920231,trial_success,running,10,33,3,3,4,164,POINT,M,MED,324,109.125,20,20,1,0,0,463.592
1,1772829920231,trial_start,running,10,33,3,3,5,165,POINT,M,MED,,,,16,,0,0,0
1,1772829921384,trial_success,running,10,33,3,3,5,165,POINT,M,MED,908,229.125,16,16,1,0,0,610.403
1,1772829921384,block_end,running,10,33,3,3,5,165,POINT,M,MED,,,,16,,0,0,610.403
1,1772829921384,rest_screen,rest,10,33,3,3,5,165,POINT,M,MED,,,,-1,,0,0,610.403
1,1772829922152,block_start,running,11,34,1,3,0,165,POINT,L,TIGHT,,,,-1,,0,0,610.403
1,1772829922152,trial_start,running,11,34,1,3,1,166,POINT,L,TIGHT,,,,3,,0,0,0
1,1772829923156,trial_success,running,11,34,1,3,1,166,POINT,L,TIGHT,308,131.125,3,3,1,0,0,262.894
1,1772829923156,trial_start,running,11,34,1,3,2,167,POINT,L,TIGHT,,,,23,,0,0,0
1,1772829924131,trial_success,running,11,34,1,3,2,167,POINT,L,TIGHT,154,192.125,23,23,1,0,0,528.566
1,1772829924132,trial_start,running,11,34,1,3,3,168,POINT,L,TIGHT,,,,26,,0,0,0
1,1772829925127,trial_success,running,11,34,1,3,3,168,POINT,L,TIGHT,537,295.125,26,26,1,0,0,479.796
1,1772829925127,trial_start,running,11,34,1,3,4,169,POINT,L,TIGHT,,,,27,,0,0,0
1,1772829925840,trial_success,running,11,34,1,3,4,169,POINT,L,TIGHT,226,387.125,27,27,1,0,0,344.521
1,1772829925840,trial_start,running,11,34,1,3,5,170,POINT,L,TIGHT,,,,18,,0,0,0
1,1772829926538,trial_success,running,11,34,1,3,5,170,POINT,L,TIGHT,445,211.125,18,18,1,0,0,330.318
1,1772829926538,block_end,running,11,34,1,3,5,170,POINT,L,TIGHT,,,,18,,0,0,330.318
1,1772829926539,rest_screen,rest,11,34,1,3,5,170,POINT,L,TIGHT,,,,-1,,0,0,330.318
1,1772829927095,block_start,running,11,35,2,3,0,170,POINT,L,TIGHT,,,,-1,,0,0,330.318
1,1772829927095,trial_start,running,11,35,2,3,1,171,POINT,L,TIGHT,,,,17,,0,0,0
1,1772829927919,trial_success,running,11,35,2,3,1,171,POINT,L,TIGHT,212,128.125,17,17,1,0,0,464.144
1,1772829927919,trial_start,running,11,35,2,3,2,172,POINT,L,TIGHT,,,,4,,0,0,0
1,1772829928611,trial_success,running,11,35,2,3,2,172,POINT,L,TIGHT,334,51.125,4,4,1,0,0,229.145
1,1772829928611,trial_start,running,11,35,2,3,3,173,POINT,L,TIGHT,,,,6,,0,0,0
1,1772829929530,trial_success,running,11,35,2,3,3,173,POINT,L,TIGHT,920,287.125,6,6,1,0,0,664.662
1,1772829929530,trial_start,running,11,35,2,3,4,174,POINT,L,TIGHT,,,,0,,0,0,0
1,1772829930436,trial_success,running,11,35,2,3,4,174,POINT,L,TIGHT,238,282.125,0,0,1,0,0,710.781
1,1772829930436,trial_start,running,11,35,2,3,5,175,POINT,L,TIGHT,,,,4,,0,0,0
1,1772829931248,trial_success,running,11,35,2,3,5,175,POINT,L,TIGHT,355,50.125,4,4,1,0,0,529.583
1,1772829931248,block_end,running,11,35,2,3,5,175,POINT,L,TIGHT,,,,4,,0,0,529.583
1,1772829931248,rest_screen,rest,11,35,2,3,5,175,POINT,L,TIGHT,,,,-1,,0,0,529.583
1,1772829931968,block_start,running,11,36,3,3,0,175,POINT,L,TIGHT,,,,-1,,0,0,529.583
1,1772829931968,trial_start,running,11,36,3,3,1,176,POINT,L,TIGHT,,,,23,,0,0,0
1,1772829932944,trial_success,running,11,36,3,3,1,176,POINT,L,TIGHT,621,340.125,23,23,1,0,0,269.819
1,1772829932944,trial_start,running,11,36,3,3,2,177,POINT,L,TIGHT,,,,20,,0,0,0
1,1772829933813,trial_success,running,11,36,3,3,2,177,POINT,L,TIGHT,279,367.125,20,20,1,0,0,490.452
1,1772829933814,trial_start,running,11,36,3,3,3,178,POINT,L,TIGHT,,,,2,,0,0,0
1,1772829934481,trial_success,running,11,36,3,3,3,178,POINT,L,TIGHT,417,191.125,2,2,1,0,0,232.871
1,1772829934481,trial_start,running,11,36,3,3,4,179,POINT,L,TIGHT,,,,0,,0,0,0
1,1772829935365,trial_success,running,11,36,3,3,4,179,POINT,L,TIGHT,94,384.125,0,0,1,0,0,422.924
1,1772829935365,trial_start,running,11,36,3,3,5,180,POINT,L,TIGHT,,,,23,,0,0,0
1,1772829936214,trial_success,running,11,36,3,3,5,180,POINT,L,TIGHT,610,332.125,23,23,1,0,0,535.308
1,1772829936214,block_end,running,11,36,3,3,5,180,POINT,L,TIGHT,,,,23,,0,0,535.308
1,1772829936214,rest_screen,rest,11,36,3,3,5,180,POINT,L,TIGHT,,,,-1,,0,0,535.308
1,1772829936829,block_start,running,12,37,1,3,0,180,POINT,M,LOOSE,,,,-1,,0,0,535.308
1,1772829936829,trial_start,running,12,37,1,3,1,181,POINT,M,LOOSE,,,,17,,0,0,0
1,1772829937930,trial_success,running,12,37,1,3,1,181,POINT,M,LOOSE,151,308.125,17,17,1,0,0,408.241
1,1772829937930,trial_start,running,12,37,1,3,2,182,POINT,M,LOOSE,,,,3,,0,0,0
1,1772829938861,trial_success,running,12,37,1,3,2,182,POINT,M,LOOSE,844,133.125,3,3,1,0,0,746.615
1,1772829938861,trial_start,running,12,37,1,3,3,183,POINT,M,LOOSE,,,,5,,0,0,0
1,1772829940087,trial_success,running,12,37,1,3,3,183,POINT,M,LOOSE,926,275.125,5,5,1,0,0,878.038
1,1772829940087,trial_start,running,12,37,1,3,4,184,POINT,M,LOOSE,,,,4,,0,0,0
1,1772829940878,trial_success,running,12,37,1,3,4,184,POINT,M,LOOSE,393,401.125,4,4,1,0,0,562.623
1,1772829940878,trial_start,running,12,37,1,3,5,185,POINT,M,LOOSE,,,,7,,0,0,0
1,1772829941823,trial_success,running,12,37,1,3,5,185,POINT,M,LOOSE,172,244.125,7,7,1,0,0,413.738
1,1772829941823,block_end,running,12,37,1,3,5,185,POINT,M,LOOSE,,,,7,,0,0,413.738
1,1772829941824,rest_screen,rest,12,37,1,3,5,185,POINT,M,LOOSE,,,,-1,,0,0,413.738
1,1772829942487,block_start,running,12,38,2,3,0,185,POINT,M,LOOSE,,,,-1,,0,0,413.738
1,1772829942487,trial_start,running,12,38,2,3,1,186,POINT,M,LOOSE,,,,11,,0,0,0
1,1772829943616,trial_success,running,12,38,2,3,1,186,POINT,M,LOOSE,441,48.125,11,11,1,0,0,224.282
1,1772829943616,trial_start,running,12,38,2,3,2,187,POINT,M,LOOSE,,,,25,,0,0,0
1,1772829944350,trial_success,running,12,38,2,3,2,187,POINT,M,LOOSE,359,30.125,25,25,1,0,0,254.428
1,1772829944351,trial_start,running,12,38,2,3,3,188,POINT,M,LOOSE,,,,17,,0,0,0
1,1772829945110,trial_success,running,12,38,2,3,3,188,POINT,M,LOOSE,410,242.125,17,17,1,0,0,289.138
1,1772829945110,trial_start,running,12,38,2,3,4,189,POINT,M,LOOSE,,,,6,,0,0,0
1,1772829946090,trial_error_click,running,12,38,2,3,4,189,POINT,M,LOOSE,913,235.125,-1,6,0,0,1,511.19
1,1772829946383,trial_success,running,12,38,2,3,4,189,POINT,M,LOOSE,915,246.125,6,6,1,0,1,522.767
1,1772829946383,trial_start,running,12,38,2,3,5,190,POINT,M,LOOSE,,,,26,,0,0,0
1,1772829947178,trial_success,running,12,38,2,3,5,190,POINT,M,LOOSE,620,468.125,26,26,1,0,0,395.467
1,1772829947178,block_end,running,12,38,2,3,5,190,POINT,M,LOOSE,,,,26,,0,0,395.467
1,1772829947179,rest_screen,rest,12,38,2,3,5,190,POINT,M,LOOSE,,,,-1,,0,0,395.467
1,1772829947765,block_start,running,12,39,3,3,0,190,POINT,M,LOOSE,,,,-1,,0,0,395.467
1,1772829947765,trial_start,running,12,39,3,3,1,191,POINT,M,LOOSE,,,,1,,0,0,0
1,1772829948858,trial_success,running,12,39,3,3,1,191,POINT,M,LOOSE,311,318.125,1,1,1,0,0,198.049
1,1772829948858,trial_start,running,12,39,3,3,2,192,POINT,M,LOOSE,,,,3,,0,0,0
1,1772829949751,trial_success,running,12,39,3,3,2,192,POINT,M,LOOSE,589,139.125,3,3,1,0,0,431.697
1,1772829949752,trial_start,running,12,39,3,3,3,193,POINT,M,LOOSE,,,,13,,0,0,0
1,1772829950748,trial_success,running,12,39,3,3,3,193,POINT,M,LOOSE,373,40.125,13,13,1,0,0,376.322
1,1772829950748,trial_start,running,12,39,3,3,4,194,POINT,M,LOOSE,,,,4,,0,0,0
1,1772829951656,trial_success,running,12,39,3,3,4,194,POINT,M,LOOSE,177,403.125,4,4,1,0,0,485.694
1,1772829951656,trial_start,running,12,39,3,3,5,195,POINT,M,LOOSE,,,,10,,0,0,0
1,1772829952586,trial_success,running,12,39,3,3,5,195,POINT,M,LOOSE,778,221.125,10,10,1,0,0,684.261
1,1772829952586,block_end,running,12,39,3,3,5,195,POINT,M,LOOSE,,,,10,,0,0,684.261
1,1772829952587,rest_screen,rest,12,39,3,3,5,195,POINT,M,LOOSE,,,,-1,,0,0,684.261
1,1772829953254,block_start,running,13,40,1,3,0,195,POINT,S,MED,,,,-1,,0,0,684.261
1,1772829953254,trial_start,running,13,40,1,3,1,196,POINT,S,MED,,,,7,,0,0,0
1,1772829954392,trial_success,running,13,40,1,3,1,196,POINT,S,MED,605,189.125,7,7,1,0,0,85.724
1,1772829954392,trial_start,running,13,40,1,3,2,197,POINT,S,MED,,,,5,,0,0,0
1,1772829955444,trial_success,running,13,40,1,3,2,197,POINT,S,MED,261,293.125,5,5,1,0,0,453.437
1,1772829955444,trial_start,running,13,40,1,3,3,198,POINT,S,MED,,,,24,,0,0,0
1,1772829956785,trial_success,running,13,40,1,3,3,198,POINT,S,MED,207,183.125,24,24,1,0,0,238.07
1,1772829956785,trial_start,running,13,40,1,3,4,199,POINT,S,MED,,,,26,,0,0,0
1,1772829957985,trial_success,running,13,40,1,3,4,199,POINT,S,MED,593,442.125,26,26,1,0,0,506.936
1,1772829957985,trial_start,running,13,40,1,3,5,200,POINT,S,MED,,,,20,,0,0,0
1,1772829959019,trial_success,running,13,40,1,3,5,200,POINT,S,MED,635,412.125,20,20,1,0,0,58.608
1,1772829959019,block_end,running,13,40,1,3,5,200,POINT,S,MED,,,,20,,0,0,58.608
1,1772829959019,rest_screen,rest,13,40,1,3,5,200,POINT,S,MED,,,,-1,,0,0,58.608
1,1772829959742,block_start,running,13,41,2,3,0,200,POINT,S,MED,,,,-1,,0,0,58.608
1,1772829959742,trial_start,running,13,41,2,3,1,201,POINT,S,MED,,,,25,,0,0,0
1,1772829960874,trial_success,running,13,41,2,3,1,201,POINT,S,MED,254,30.125,25,25,1,0,0,348.442
1,1772829960874,trial_start,running,13,41,2,3,2,202,POINT,S,MED,,,,24,,0,0,0
1,1772829961834,trial_error_click,running,13,41,2,3,2,202,POINT,S,MED,208,459.125,-1,24,0,0,1,491.25
1,1772829962149,trial_success,running,13,41,2,3,2,202,POINT,S,MED,203,461.125,24,24,1,0,1,496.9
1,1772829962149,trial_start,running,13,41,2,3,3,203,POINT,S,MED,,,,4,,0,0,0
1,1772829963182,trial_success,running,13,41,2,3,3,203,POINT,S,MED,585,223.125,4,4,1,0,0,514.582
1,1772829963183,trial_start,running,13,41,2,3,4,204,POINT,S,MED,,,,10,,0,0,0
1,1772829964306,trial_success,running,13,41,2,3,4,204,POINT,S,MED,827,155.125,10,10,1,0,0,326.704
1,1772829964306,trial_start,running,13,41,2,3,5,205,POINT,S,MED,,,,26,,0,0,0
1,1772829965282,trial_success,running,13,41,2,3,5,205,POINT,S,MED,544,157.125,26,26,1,0,0,334.155
1,1772829965282,block_end,running,13,41,2,3,5,205,POINT,S,MED,,,,26,,0,0,334.155
1,1772829965283,rest_screen,rest,13,41,2,3,5,205,POINT,S,MED,,,,-1,,0,0,334.155
1,1772829966371,block_start,running,13,42,3,3,0,205,POINT,S,MED,,,,-1,,0,0,334.155
1,1772829966371,trial_start,running,13,42,3,3,1,206,POINT,S,MED,,,,21,,0,0,0
1,1772829967474,trial_success,running,13,42,3,3,1,206,POINT,S,MED,366,284.125,21,21,1,0,0,268.475
1,1772829967474,trial_start,running,13,42,3,3,2,207,POINT,S,MED,,,,2,,0,0,0
1,1772829968484,trial_success,running,13,42,3,3,2,207,POINT,S,MED,601,156.125,2,2,1,0,0,280.221
1,1772829968484,trial_start,running,13,42,3,3,3,208,POINT,S,MED,,,,12,,0,0,0
1,1772829969379,trial_success,running,13,42,3,3,3,208,POINT,S,MED,150,187.125,12,12,1,0,0,472.331
1,1772829969380,trial_start,running,13,42,3,3,4,209,POINT,S,MED,,,,17,,0,0,0
1,1772829970175,trial_success,running,13,42,3,3,4,209,POINT,S,MED,545,269.125,17,17,1,0,0,409.798
1,1772829970175,trial_start,running,13,42,3,3,5,210,POINT,S,MED,,,,13,,0,0,0
1,1772829971212,trial_success,running,13,42,3,3,5,210,POINT,S,MED,890,69.125,13,13,1,0,0,453.574
1,1772829971212,block_end,running,13,42,3,3,5,210,POINT,S,MED,,,,13,,0,0,453.574
1,1772829971213,rest_screen,rest,13,42,3,3,5,210,POINT,S,MED,,,,-1,,0,0,453.574
1,1772829971796,block_start,running,14,43,1,3,0,210,POINT,S,LOOSE,,,,-1,,0,0,453.574
1,1772829971796,trial_start,running,14,43,1,3,1,211,POINT,S,LOOSE,,,,15,,0,0,0
1,1772829972978,trial_success,running,14,43,1,3,1,211,POINT,S,LOOSE,793,79.125,15,15,1,0,0,469.444
1,1772829972978,trial_start,running,14,43,1,3,2,212,POINT,S,LOOSE,,,,10,,0,0,0
1,1772829973900,trial_success,running,14,43,1,3,2,212,POINT,S,LOOSE,504,384.125,10,10,1,0,0,494.793
1,1772829973900,trial_start,running,14,43,1,3,3,213,POINT,S,LOOSE,,,,1,,0,0,0
1,1772829975326,trial_success,running,14,43,1,3,3,213,POINT,S,LOOSE,143,446.125,1,1,1,0,0,810.05
1,1772829975326,trial_start,running,14,43,1,3,4,214,POINT,S,LOOSE,,,,9,,0,0,0
1,1772829976315,trial_success,running,14,43,1,3,4,214,POINT,S,LOOSE,275,404.125,9,9,1,0,0,155.192
1,1772829976316,trial_start,running,14,43,1,3,5,215,POINT,S,LOOSE,,,,13,,0,0,0
1,1772829977373,trial_success,running,14,43,1,3,5,215,POINT,S,LOOSE,447,262.125,13,13,1,0,0,234.049
1,1772829977373,block_end,running,14,43,1,3,5,215,POINT,S,LOOSE,,,,13,,0,0,234.049
1,1772829977373,rest_screen,rest,14,43,1,3,5,215,POINT,S,LOOSE,,,,-1,,0,0,234.049
1,1772829978003,block_start,running,14,44,2,3,0,215,POINT,S,LOOSE,,,,-1,,0,0,234.049
1,1772829978003,trial_start,running,14,44,2,3,1,216,POINT,S,LOOSE,,,,17,,0,0,0
1,1772829978978,trial_success,running,14,44,2,3,1,216,POINT,S,LOOSE,622,78.125,17,17,1,0,0,305.654
1,1772829978978,trial_start,running,14,44,2,3,2,217,POINT,S,LOOSE,,,,27,,0,0,0
1,1772829980059,trial_success,running,14,44,2,3,2,217,POINT,S,LOOSE,773,293.125,27,27,1,0,0,287.931
1,1772829980059,trial_start,running,14,44,2,3,3,218,POINT,S,LOOSE,,,,23,,0,0,0
1,1772829980936,trial_error_click,running,14,44,2,3,3,218,POINT,S,LOOSE,548,184.125,-1,23,0,0,1,268.186
1,1772829981236,trial_success,running,14,44,2,3,3,218,POINT,S,LOOSE,547,180.125,23,23,1,0,1,273.186
1,1772829981236,trial_start,running,14,44,2,3,4,219,POINT,S,LOOSE,,,,10,,0,0,0
1,1772829982406,trial_error_click,running,14,44,2,3,4,219,POINT,S,LOOSE,935,154.125,-1,10,0,0,1,461.679
1,1772829982713,trial_success,running,14,44,2,3,4,219,POINT,S,LOOSE,927,158.125,10,10,1,0,1,471.566
1,1772829982713,trial_start,running,14,44,2,3,5,220,POINT,S,LOOSE,,,,5,,0,0,0
1,1772829983638,trial_success,running,14,44,2,3,5,220,POINT,S,LOOSE,929,299.125,5,5,1,0,0,158.697
1,1772829983638,block_end,running,14,44,2,3,5,220,POINT,S,LOOSE,,,,5,,0,0,158.697
1,1772829983638,rest_screen,rest,14,44,2,3,5,220,POINT,S,LOOSE,,,,-1,,0,0,158.697
1,1772829984244,block_start,running,14,45,3,3,0,220,POINT,S,LOOSE,,,,-1,,0,0,158.697
1,1772829984244,trial_start,running,14,45,3,3,1,221,POINT,S,LOOSE,,,,21,,0,0,0
1,1772829985224,trial_success,running,14,45,3,3,1,221,POINT,S,LOOSE,374,266.125,21,21,1,0,0,190.97
1,1772829985224,trial_start,running,14,45,3,3,2,222,POINT,S,LOOSE,,,,25,,0,0,0
1,1772829986133,trial_success,running,14,45,3,3,2,222,POINT,S,LOOSE,567,321.125,25,25,1,0,0,244.007
1,1772829986133,trial_start,running,14,45,3,3,3,223,POINT,S,LOOSE,,,,18,,0,0,0
1,1772829987416,trial_error_click,running,14,45,3,3,3,223,POINT,S,LOOSE,703,57.125,-1,18,0,0,1,318.86
1,1772829987724,trial_success,running,14,45,3,3,3,223,POINT,S,LOOSE,710,56.125,18,18,1,0,1,326.096
1,1772829987724,trial_start,running,14,45,3,3,4,224,POINT,S,LOOSE,,,,17,,0,0,0
1,1772829989154,trial_success,running,14,45,3,3,4,224,POINT,S,LOOSE,19,340.125,17,17,1,0,0,834.916
1,1772829989154,trial_start,running,14,45,3,3,5,225,POINT,S,LOOSE,,,,23,,0,0,0
1,1772829990115,trial_success,running,14,45,3,3,5,225,POINT,S,LOOSE,87,246.125,23,23,1,0,0,518.243
1,1772829990115,block_end,running,14,45,3,3,5,225,POINT,S,LOOSE,,,,23,,0,0,518.243
1,1772829990115,rest_screen,rest,14,45,3,3,5,225,POINT,S,LOOSE,,,,-1,,0,0,518.243
1,1772829990919,block_start,running,15,46,1,3,0,225,POINT,L,LOOSE,,,,-1,,0,0,518.243
1,1772829990919,trial_start,running,15,46,1,3,1,226,POINT,L,LOOSE,,,,9,,0,0,0
1,1772829991675,trial_success,running,15,46,1,3,1,226,POINT,L,LOOSE,371,249.125,9,9,1,0,0,197.838
1,1772829991675,trial_start,running,15,46,1,3,2,227,POINT,L,LOOSE,,,,24,,0,0,0
1,1772829992559,trial_success,running,15,46,1,3,2,227,POINT,L,LOOSE,774,119.125,24,24,1,0,0,433.305
1,1772829992560,trial_start,running,15,46,1,3,3,228,POINT,L,LOOSE,,,,28,,0,0,0
1,1772829993191,trial_success,running,15,46,1,3,3,228,POINT,L,LOOSE,706,260.125,28,28,1,0,0,158.369
1,1772829993191,trial_start,running,15,46,1,3,4,229,POINT,L,LOOSE,,,,18,,0,0,0
1,1772829993916,trial_success,running,15,46,1,3,4,229,POINT,L,LOOSE,745,294.125,18,18,1,0,0,53.958
1,1772829993917,trial_start,running,15,46,1,3,5,230,POINT,L,LOOSE,,,,2,,0,0,0
1,1772829995013,trial_success,running,15,46,1,3,5,230,POINT,L,LOOSE,542,148.125,2,2,1,0,0,260.97
1,1772829995013,block_end,running,15,46,1,3,5,230,POINT,L,LOOSE,,,,2,,0,0,260.97
1,1772829995014,rest_screen,rest,15,46,1,3,5,230,POINT,L,LOOSE,,,,-1,,0,0,260.97
1,1772829995743,block_start,running,15,47,2,3,0,230,POINT,L,LOOSE,,,,-1,,0,0,260.97
1,1772829995743,trial_start,running,15,47,2,3,1,231,POINT,L,LOOSE,,,,16,,0,0,0
1,1772829996626,trial_success,running,15,47,2,3,1,231,POINT,L,LOOSE,430,387.125,16,16,1,0,0,152.93
1,1772829996626,trial_start,running,15,47,2,3,2,232,POINT,L,LOOSE,,,,18,,0,0,0
1,1772829997541,trial_success,running,15,47,2,3,2,232,POINT,L,LOOSE,171,319.125,18,18,1,0,0,414.32
1,1772829997541,trial_start,running,15,47,2,3,3,233,POINT,L,LOOSE,,,,12,,0,0,0
1,1772829998486,trial_success,running,15,47,2,3,3,233,POINT,L,LOOSE,821,99.125,12,12,1,0,0,716.423
1,1772829998486,trial_start,running,15,47,2,3,4,234,POINT,L,LOOSE,,,,1,,0,0,0
1,1772829999311,trial_success,running,15,47,2,3,4,234,POINT,L,LOOSE,717,78.125,1,1,1,0,0,240.738
1,1772829999311,trial_start,running,15,47,2,3,5,235,POINT,L,LOOSE,,,,16,,0,0,0
1,1772830000157,trial_success,running,15,47,2,3,5,235,POINT,L,LOOSE,426,390.125,16,16,1,0,0,552.295
1,1772830000157,block_end,running,15,47,2,3,5,235,POINT,L,LOOSE,,,,16,,0,0,552.295
1,1772830000157,rest_screen,rest,15,47,2,3,5,235,POINT,L,LOOSE,,,,-1,,0,0,552.295
1,1772830000842,block_start,running,15,48,3,3,0,235,POINT,L,LOOSE,,,,-1,,0,0,552.295
1,1772830000842,trial_start,running,15,48,3,3,1,236,POINT,L,LOOSE,,,,12,,0,0,0
1,1772830001688,trial_success,running,15,48,3,3,1,236,POINT,L,LOOSE,729,151.125,12,12,1,0,0,384.21
1,1772830001688,trial_start,running,15,48,3,3,2,237,POINT,L,LOOSE,,,,21,,0,0,0
1,1772830002625,trial_success,running,15,48,3,3,2,237,POINT,L,LOOSE,398,180.125,21,21,1,0,0,375.069
1,1772830002625,trial_start,running,15,48,3,3,3,238,POINT,L,LOOSE,,,,29,,0,0,0
1,1772830003380,trial_success,running,15,48,3,3,3,238,POINT,L,LOOSE,661,276.125,29,29,1,0,0,297.419
1,1772830003380,trial_start,running,15,48,3,3,4,239,POINT,L,LOOSE,,,,12,,0,0,0
1,1772830004208,trial_success,running,15,48,3,3,4,239,POINT,L,LOOSE,706,150.125,12,12,1,0,0,206.425
1,1772830004208,trial_start,running,15,48,3,3,5,240,POINT,L,LOOSE,,,,18,,0,0,0
1,1772830005054,trial_success,running,15,48,3,3,5,240,POINT,L,LOOSE,688,400.125,18,18,1,0,0,277.315
1,1772830005054,block_end,running,15,48,3,3,5,240,POINT,L,LOOSE,,,,18,,0,0,277.315
1,1772830005054,rest_screen,rest,15,48,3,3,5,240,POINT,L,LOOSE,,,,-1,,0,0,277.315
1,1772830005595,block_start,running,16,49,1,3,0,240,POINT,S,TIGHT,,,,-1,,0,0,277.315
1,1772830005595,trial_start,running,16,49,1,3,1,241,POINT,S,TIGHT,,,,1,,0,0,0
1,1772830006744,trial_success,running,16,49,1,3,1,241,POINT,S,TIGHT,456,392.125,1,1,1,0,0,166.47
1,1772830006744,trial_start,running,16,49,1,3,2,242,POINT,S,TIGHT,,,,22,,0,0,0
1,1772830007709,trial_success,running,16,49,1,3,2,242,POINT,S,TIGHT,862,249.125,22,22,1,0,0,475.828
1,1772830007709,trial_start,running,16,49,1,3,3,243,POINT,S,TIGHT,,,,0,,0,0,0
1,1772830008775,trial_success,running,16,49,1,3,3,243,POINT,S,TIGHT,249,175.125,0,0,1,0,0,637.971
1,1772830008775,trial_start,running,16,49,1,3,4,244,POINT,S,TIGHT,,,,26,,0,0,0
1,1772830009548,trial_success,running,16,49,1,3,4,244,POINT,S,TIGHT,516,264.125,26,26,1,0,0,390.773
1,1772830009548,trial_start,running,16,49,1,3,5,245,POINT,S,TIGHT,,,,20,,0,0,0
1,1772830010531,trial_success,running,16,49,1,3,5,245,POINT,S,TIGHT,918,323.125,20,20,1,0,0,439.181
1,1772830010531,block_end,running,16,49,1,3,5,245,POINT,S,TIGHT,,,,20,,0,0,439.181
1,1772830010532,rest_screen,rest,16,49,1,3,5,245,POINT,S,TIGHT,,,,-1,,0,0,439.181
1,1772830011116,block_start,running,16,50,2,3,0,245,POINT,S,TIGHT,,,,-1,,0,0,439.181
1,1772830011116,trial_start,running,16,50,2,3,1,246,POINT,S,TIGHT,,,,19,,0,0,0
1,1772830012224,trial_success,running,16,50,2,3,1,246,POINT,S,TIGHT,482,351.125,19,19,1,0,0,129.725
1,1772830012224,trial_start,running,16,50,2,3,2,247,POINT,S,TIGHT,,,,28,,0,0,0
1,1772830013357,trial_success,running,16,50,2,3,2,247,POINT,S,TIGHT,182,462.125,28,28,1,0,0,495.927
1,1772830013357,trial_start,running,16,50,2,3,3,248,POINT,S,TIGHT,,,,3,,0,0,0
1,1772830014241,trial_success,running,16,50,2,3,3,248,POINT,S,TIGHT,280,424.125,3,3,1,0,0,293.868
1,1772830014241,trial_start,running,16,50,2,3,4,249,POINT,S,TIGHT,,,,12,,0,0,0
1,1772830015246,trial_success,running,16,50,2,3,4,249,POINT,S,TIGHT,709,342.125,12,12,1,0,0,449.265
1,1772830015247,trial_start,running,16,50,2,3,5,250,POINT,S,TIGHT,,,,5,,0,0,0
1,1772830016478,trial_success,running,16,50,2,3,5,250,POINT,S,TIGHT,367,99.125,5,5,1,0,0,445.675
1,1772830016478,block_end,running,16,50,2,3,5,250,POINT,S,TIGHT,,,,5,,0,0,445.675
1,1772830016478,rest_screen,rest,16,50,2,3,5,250,POINT,S,TIGHT,,,,-1,,0,0,445.675
1,1772830017085,block_start,running,16,51,3,3,0,250,POINT,S,TIGHT,,,,-1,,0,0,445.675
1,1772830017086,trial_start,running,16,51,3,3,1,251,POINT,S,TIGHT,,,,26,,0,0,0
1,1772830018173,trial_success,running,16,51,3,3,1,251,POINT,S,TIGHT,480,57.125,26,26,1,0,0,250.52
1,1772830018173,trial_start,running,16,51,3,3,2,252,POINT,S,TIGHT,,,,27,,0,0,0
1,1772830019333,trial_success,running,16,51,3,3,2,252,POINT,S,TIGHT,829,89.125,27,27,1,0,0,474.301
1,1772830019333,trial_start,running,16,51,3,3,3,253,POINT,S,TIGHT,,,,11,,0,0,0
1,1772830020348,trial_success,running,16,51,3,3,3,253,POINT,S,TIGHT,428,285.125,11,11,1,0,0,637.501
1,1772830020349,trial_start,running,16,51,3,3,4,254,POINT,S,TIGHT,,,,24,,0,0,0
1,1772830021145,trial_success,running,16,51,3,3,4,254,POINT,S,TIGHT,562,336.125,24,24,1,0,0,200.331
1,1772830021145,trial_start,running,16,51,3,3,5,255,POINT,S,TIGHT,,,,27,,0,0,0
1,1772830022069,trial_success,running,16,51,3,3,5,255,POINT,S,TIGHT,827,83.125,27,27,1,0,0,406.684
1,1772830022069,block_end,running,16,51,3,3,5,255,POINT,S,TIGHT,,,,27,,0,0,406.684
1,1772830022069,rest_screen,rest,16,51,3,3,5,255,POINT,S,TIGHT,,,,-1,,0,0,406.684
1,1772830022682,block_start,running,17,52,1,3,0,255,POINT,M,TIGHT,,,,-1,,0,0,406.684
1,1772830022682,trial_start,running,17,52,1,3,1,256,POINT,M,TIGHT,,,,1,,0,0,0
1,1772830023715,trial_success,running,17,52,1,3,1,256,POINT,M,TIGHT,900,69.125,1,1,1,0,0,490.111
1,1772830023716,trial_start,running,17,52,1,3,2,257,POINT,M,TIGHT,,,,18,,0,0,0
1,1772830025006,trial_success,running,17,52,1,3,2,257,POINT,M,TIGHT,88,208.125,18,18,1,0,0,898.293
1,1772830025006,trial_start,running,17,52,1,3,3,258,POINT,M,TIGHT,,,,20,,0,0,0
1,1772830026280,trial_success,running,17,52,1,3,3,258,POINT,M,TIGHT,446,58.125,20,20,1,0,0,585.583
1,1772830026280,trial_start,running,17,52,1,3,4,259,POINT,M,TIGHT,,,,12,,0,0,0
1,1772830027151,trial_success,running,17,52,1,3,4,259,POINT,M,TIGHT,311,249.125,12,12,1,0,0,303.999
1,1772830027151,trial_start,running,17,52,1,3,5,260,POINT,M,TIGHT,,,,20,,0,0,0
1,1772830028314,trial_success,running,17,52,1,3,5,260,POINT,M,TIGHT,442,56.125,20,20,1,0,0,303.554
1,1772830028314,block_end,running,17,52,1,3,5,260,POINT,M,TIGHT,,,,20,,0,0,303.554
1,1772830028314,rest_screen,rest,17,52,1,3,5,260,POINT,M,TIGHT,,,,-1,,0,0,303.554
1,1772830028964,block_start,running,17,53,2,3,0,260,POINT,M,TIGHT,,,,-1,,0,0,303.554
1,1772830028964,trial_start,running,17,53,2,3,1,261,POINT,M,TIGHT,,,,20,,0,0,0
1,1772830029874,trial_success,running,17,53,2,3,1,261,POINT,M,TIGHT,472,230.125,20,20,1,0,0,216.102
1,1772830029874,trial_start,running,17,53,2,3,2,262,POINT,M,TIGHT,,,,21,,0,0,0
1,1772830030692,trial_success,running,17,53,2,3,2,262,POINT,M,TIGHT,812,122.125,21,21,1,0,0,375.454
1,1772830030692,trial_start,running,17,53,2,3,3,263,POINT,M,TIGHT,,,,6,,0,0,0
1,1772830031582,trial_success,running,17,53,2,3,3,263,POINT,M,TIGHT,367,357.125,6,6,1,0,0,534.114
1,1772830031583,trial_start,running,17,53,2,3,4,264,POINT,M,TIGHT,,,,4,,0,0,0
1,1772830032829,trial_success,running,17,53,2,3,4,264,POINT,M,TIGHT,281,109.125,4,4,1,0,0,547.223
1,1772830032830,trial_start,running,17,53,2,3,5,265,POINT,M,TIGHT,,,,22,,0,0,0
1,1772830033803,trial_success,running,17,53,2,3,5,265,POINT,M,TIGHT,759,383.125,22,22,1,0,0,599.667
1,1772830033803,block_end,running,17,53,2,3,5,265,POINT,M,TIGHT,,,,22,,0,0,599.667
1,1772830033803,rest_screen,rest,17,53,2,3,5,265,POINT,M,TIGHT,,,,-1,,0,0,599.667
1,1772830034749,block_start,running,17,54,3,3,0,265,POINT,M,TIGHT,,,,-1,,0,0,599.667
1,1772830034749,trial_start,running,17,54,3,3,1,266,POINT,M,TIGHT,,,,22,,0,0,0
1,1772830035994,trial_success,running,17,54,3,3,1,266,POINT,M,TIGHT,658,471.125,22,22,1,0,0,360.131
1,1772830035994,trial_start,running,17,54,3,3,2,267,POINT,M,TIGHT,,,,4,,0,0,0
1,1772830036902,trial_success,running,17,54,3,3,2,267,POINT,M,TIGHT,498,314.125,4,4,1,0,0,234.004
1,1772830036902,trial_start,running,17,54,3,3,3,268,POINT,M,TIGHT,,,,2,,0,0,0
1,1772830037770,trial_success,running,17,54,3,3,3,268,POINT,M,TIGHT,291,176.125,2,2,1,0,0,252.264
1,1772830037770,trial_start,running,17,54,3,3,4,269,POINT,M,TIGHT,,,,5,,0,0,0
1,1772830038858,trial_success,running,17,54,3,3,4,269,POINT,M,TIGHT,556,86.125,5,5,1,0,0,287.208
1,1772830038858,trial_start,running,17,54,3,3,5,270,POINT,M,TIGHT,,,,8,,0,0,0
1,1772830039692,trial_success,running,17,54,3,3,5,270,POINT,M,TIGHT,566,240.125,8,8,1,0,0,269.473
1,1772830039692,block_end,running,17,54,3,3,5,270,POINT,M,TIGHT,,,,8,,0,0,269.473
1,1772830039692,rest_screen,rest,17,54,3,3,5,270,POINT,M,TIGHT,,,,-1,,0,0,269.473
1,1772830040276,block_start,running,18,55,1,3,0,270,AREA,S,LOOSE,,,,-1,,0,0,269.473
1,1772830040276,trial_start,running,18,55,1,3,1,271,AREA,S,LOOSE,,,,20,,0,0,0
1,1772830041265,trial_success,running,18,55,1,3,1,271,AREA,S,LOOSE,57,320.125,20,20,1,0,0,528.161
1,1772830041265,trial_start,running,18,55,1,3,2,272,AREA,S,LOOSE,,,,10,,0,0,0
1,1772830042232,trial_success,running,18,55,1,3,2,272,AREA,S,LOOSE,768,89.125,10,10,1,0,0,858.397
1,1772830042233,trial_start,running,18,55,1,3,3,273,AREA,S,LOOSE,,,,2,,0,0,0
1,1772830043028,trial_success,running,18,55,1,3,3,273,AREA,S,LOOSE,463,421.125,2,2,1,0,0,480.163
1,1772830043028,trial_start,running,18,55,1,3,4,274,AREA,S,LOOSE,,,,3,,0,0,0
1,1772830043748,trial_success,running,18,55,1,3,4,274,AREA,S,LOOSE,620,483.125,3,3,1,0,0,262.094
1,1772830043748,trial_start,running,18,55,1,3,5,275,AREA,S,LOOSE,,,,19,,0,0,0
1,1772830044551,trial_success,running,18,55,1,3,5,275,AREA,S,LOOSE,112,143.125,19,19,1,0,0,635.204
1,1772830044551,block_end,running,18,55,1,3,5,275,AREA,S,LOOSE,,,,19,,0,0,635.204
1,1772830044551,rest_screen,rest,18,55,1,3,5,275,AREA,S,LOOSE,,,,-1,,0,0,635.204
1,1772830045386,block_start,running,18,56,2,3,0,275,AREA,S,LOOSE,,,,-1,,0,0,635.204
1,1772830045387,trial_start,running,18,56,2,3,1,276,AREA,S,LOOSE,,,,2,,0,0,0
1,1772830046591,trial_success,running,18,56,2,3,1,276,AREA,S,LOOSE,386,417.125,2,2,1,0,0,235.092
1,1772830046592,trial_start,running,18,56,2,3,2,277,AREA,S,LOOSE,,,,5,,0,0,0
1,1772830047852,trial_success,running,18,56,2,3,2,277,AREA,S,LOOSE,728,110.125,5,5,1,0,0,619.921
1,1772830047853,trial_start,running,18,56,2,3,3,278,AREA,S,LOOSE,,,,20,,0,0,0
1,1772830048885,trial_success,running,18,56,2,3,3,278,AREA,S,LOOSE,332,391.125,20,20,1,0,0,541.544
1,1772830048885,trial_start,running,18,56,2,3,4,279,AREA,S,LOOSE,,,,13,,0,0,0
1,1772830049733,trial_success,running,18,56,2,3,4,279,AREA,S,LOOSE,175,372.125,13,13,1,0,0,308.336
1,1772830049733,trial_start,running,18,56,2,3,5,280,AREA,S,LOOSE,,,,5,,0,0,0
1,1772830050746,trial_success,running,18,56,2,3,5,280,AREA,S,LOOSE,746,115.125,5,5,1,0,0,729.134
1,1772830050746,block_end,running,18,56,2,3,5,280,AREA,S,LOOSE,,,,5,,0,0,729.134
1,1772830050746,rest_screen,rest,18,56,2,3,5,280,AREA,S,LOOSE,,,,-1,,0,0,729.134
1,1772830051310,block_start,running,18,57,3,3,0,280,AREA,S,LOOSE,,,,-1,,0,0,729.134
1,1772830051310,trial_start,running,18,57,3,3,1,281,AREA,S,LOOSE,,,,22,,0,0,0
1,1772830052268,trial_success,running,18,57,3,3,1,281,AREA,S,LOOSE,820,136.125,22,22,1,0,0,408.342
1,1772830052268,trial_start,running,18,57,3,3,2,282,AREA,S,LOOSE,,,,13,,0,0,0
1,1772830053025,trial_success,running,18,57,3,3,2,282,AREA,S,LOOSE,764,290.125,13,13,1,0,0,400.598
1,1772830053026,trial_start,running,18,57,3,3,3,283,AREA,S,LOOSE,,,,28,,0,0,0
1,1772830053700,trial_success,running,18,57,3,3,3,283,AREA,S,LOOSE,684,316.125,28,28,1,0,0,93.465
1,1772830053701,trial_start,running,18,57,3,3,4,284,AREA,S,LOOSE,,,,4,,0,0,0
1,1772830054479,trial_success,running,18,57,3,3,4,284,AREA,S,LOOSE,151,347.125,4,4,1,0,0,543.672
1,1772830054480,trial_start,running,18,57,3,3,5,285,AREA,S,LOOSE,,,,12,,0,0,0
1,1772830055396,trial_success,running,18,57,3,3,5,285,AREA,S,LOOSE,422,224.125,12,12,1,0,0,305.991
1,1772830055396,block_end,running,18,57,3,3,5,285,AREA,S,LOOSE,,,,12,,0,0,305.991
1,1772830055397,rest_screen,rest,18,57,3,3,5,285,AREA,S,LOOSE,,,,-1,,0,0,305.991
1,1772830055942,block_start,running,19,58,1,3,0,285,AREA,S,MED,,,,-1,,0,0,305.991
1,1772830055942,trial_start,running,19,58,1,3,1,286,AREA,S,MED,,,,25,,0,0,0
1,1772830057112,trial_success,running,19,58,1,3,1,286,AREA,S,MED,585,263.125,25,25,1,0,0,173.802
1,1772830057112,trial_start,running,19,58,1,3,2,287,AREA,S,MED,,,,26,,0,0,0
1,1772830058035,trial_success,running,19,58,1,3,2,287,AREA,S,MED,676,149.125,26,26,1,0,0,179.536
1,1772830058035,trial_start,running,19,58,1,3,3,288,AREA,S,MED,,,,17,,0,0,0
1,1772830058876,trial_error_click,running,19,58,1,3,3,288,AREA,S,MED,300,374.125,-1,17,0,0,1,472.418
1,1772830059342,trial_success,running,19,58,1,3,3,288,AREA,S,MED,294,363.125,17,17,1,0,1,486.266
1,1772830059342,trial_start,running,19,58,1,3,4,289,AREA,S,MED,,,,1,,0,0,0
1,1772830060307,trial_success,running,19,58,1,3,4,289,AREA,S,MED,506,67.125,1,1,1,0,0,404.397
1,1772830060307,trial_start,running,19,58,1,3,5,290,AREA,S,MED,,,,14,,0,0,0
1,1772830061365,trial_success,running,19,58,1,3,5,290,AREA,S,MED,204,53.125,14,14,1,0,0,334.276
1,1772830061365,block_end,running,19,58,1,3,5,290,AREA,S,MED,,,,14,,0,0,334.276
1,1772830061366,rest_screen,rest,19,58,1,3,5,290,AREA,S,MED,,,,-1,,0,0,334.276
1,1772830061981,block_start,running,19,59,2,3,0,290,AREA,S,MED,,,,-1,,0,0,334.276
1,1772830061981,trial_start,running,19,59,2,3,1,291,AREA,S,MED,,,,8,,0,0,0
1,1772830062940,trial_success,running,19,59,2,3,1,291,AREA,S,MED,929,366.125,8,8,1,0,0,587.766
1,1772830062940,trial_start,running,19,59,2,3,2,292,AREA,S,MED,,,,10,,0,0,0
1,1772830063753,trial_success,running,19,59,2,3,2,292,AREA,S,MED,938,83.125,10,10,1,0,0,306.691
1,1772830063754,trial_start,running,19,59,2,3,3,293,AREA,S,MED,,,,8,,0,0,0
1,1772830064704,trial_success,running,19,59,2,3,3,293,AREA,S,MED,917,361.125,8,8,1,0,0,360.222
1,1772830064704,trial_start,running,19,59,2,3,4,294,AREA,S,MED,,,,6,,0,0,0
1,1772830065775,trial_success,running,19,59,2,3,4,294,AREA,S,MED,419,157.125,6,6,1,0,0,609.89
1,1772830065775,trial_start,running,19,59,2,3,5,295,AREA,S,MED,,,,24,,0,0,0
1,1772830066668,trial_success,running,19,59,2,3,5,295,AREA,S,MED,231,352.125,24,24,1,0,0,287.973
1,1772830066668,block_end,running,19,59,2,3,5,295,AREA,S,MED,,,,24,,0,0,287.973
1,1772830066668,rest_screen,rest,19,59,2,3,5,295,AREA,S,MED,,,,-1,,0,0,287.973
1,1772830067456,block_start,running,19,60,3,3,0,295,AREA,S,MED,,,,-1,,0,0,287.973
1,1772830067457,trial_start,running,19,60,3,3,1,296,AREA,S,MED,,,,6,,0,0,0
1,1772830068895,trial_success,running,19,60,3,3,1,296,AREA,S,MED,326,412.125,6,6,1,0,0,802.423
1,1772830068895,trial_start,running,19,60,3,3,2,297,AREA,S,MED,,,,16,,0,0,0
1,1772830070266,trial_success,running,19,60,3,3,2,297,AREA,S,MED,127,376.125,16,16,1,0,0,398.853
1,1772830070266,trial_start,running,19,60,3,3,3,298,AREA,S,MED,,,,0,,0,0,0
1,1772830071085,trial_success,running,19,60,3,3,3,298,AREA,S,MED,305,308.125,0,0,1,0,0,312.629
1,1772830071085,trial_start,running,19,60,3,3,4,299,AREA,S,MED,,,,25,,0,0,0
1,1772830072143,trial_success,running,19,60,3,3,4,299,AREA,S,MED,880,196.125,25,25,1,0,0,624.276
1,1772830072143,trial_start,running,19,60,3,3,5,300,AREA,S,MED,,,,23,,0,0,0
1,1772830073329,trial_success,running,19,60,3,3,5,300,AREA,S,MED,128,416.125,23,23,1,0,0,851.094
1,1772830073329,block_end,running,19,60,3,3,5,300,AREA,S,MED,,,,23,,0,0,851.094
1,1772830073329,rest_screen,rest,19,60,3,3,5,300,AREA,S,MED,,,,-1,,0,0,851.094
1,1772830073974,block_start,running,20,61,1,3,0,300,AREA,M,TIGHT,,,,-1,,0,0,851.094
1,1772830073974,trial_start,running,20,61,1,3,1,301,AREA,M,TIGHT,,,,15,,0,0,0
1,1772830074829,trial_success,running,20,61,1,3,1,301,AREA,M,TIGHT,603,372.125,15,15,1,0,0,208.331
1,1772830074829,trial_start,running,20,61,1,3,2,302,AREA,M,TIGHT,,,,8,,0,0,0
1,1772830075471,trial_success,running,20,61,1,3,2,302,AREA,M,TIGHT,852,351.125,8,8,1,0,0,256.783
1,1772830075472,trial_start,running,20,61,1,3,3,303,AREA,M,TIGHT,,,,10,,0,0,0
1,1772830076410,trial_success,running,20,61,1,3,3,303,AREA,M,TIGHT,403,131.125,10,10,1,0,0,636.65
1,1772830076410,trial_start,running,20,61,1,3,4,304,AREA,M,TIGHT,,,,16,,0,0,0
1,1772830077229,trial_success,running,20,61,1,3,4,304,AREA,M,TIGHT,671,350.125,16,16,1,0,0,360.549
1,1772830077229,trial_start,running,20,61,1,3,5,305,AREA,M,TIGHT,,,,25,,0,0,0
1,1772830078076,trial_success,running,20,61,1,3,5,305,AREA,M,TIGHT,728,210.125,25,25,1,0,0,464.16
1,1772830078076,block_end,running,20,61,1,3,5,305,AREA,M,TIGHT,,,,25,,0,0,464.16
1,1772830078076,rest_screen,rest,20,61,1,3,5,305,AREA,M,TIGHT,,,,-1,,0,0,464.16
1,1772830078608,block_start,running,20,62,2,3,0,305,AREA,M,TIGHT,,,,-1,,0,0,464.16
1,1772830078608,trial_start,running,20,62,2,3,1,306,AREA,M,TIGHT,,,,7,,0,0,0
1,1772830079560,trial_success,running,20,62,2,3,1,306,AREA,M,TIGHT,296,182.125,7,7,1,0,0,307.38
1,1772830079560,trial_start,running,20,62,2,3,2,307,AREA,M,TIGHT,,,,6,,0,0,0
1,1772830080429,trial_success,running,20,62,2,3,2,307,AREA,M,TIGHT,708,66.125,6,6,1,0,0,442.848
1,1772830080429,trial_start,running,20,62,2,3,3,308,AREA,M,TIGHT,,,,18,,0,0,0
1,1772830081427,trial_success,running,20,62,2,3,3,308,AREA,M,TIGHT,337,439.125,18,18,1,0,0,552.826
1,1772830081428,trial_start,running,20,62,2,3,4,309,AREA,M,TIGHT,,,,3,,0,0,0
1,1772830082387,trial_success,running,20,62,2,3,4,309,AREA,M,TIGHT,54,108.125,3,3,1,0,0,545.164
1,1772830082388,trial_start,running,20,62,2,3,5,310,AREA,M,TIGHT,,,,24,,0,0,0
1,1772830083153,trial_success,running,20,62,2,3,5,310,AREA,M,TIGHT,245,79.125,24,24,1,0,0,320.789
1,1772830083153,block_end,running,20,62,2,3,5,310,AREA,M,TIGHT,,,,24,,0,0,320.789
1,1772830083153,rest_screen,rest,20,62,2,3,5,310,AREA,M,TIGHT,,,,-1,,0,0,320.789
1,1772830083775,block_start,running,20,63,3,3,0,310,AREA,M,TIGHT,,,,-1,,0,0,320.789
1,1772830083776,trial_start,running,20,63,3,3,1,311,AREA,M,TIGHT,,,,1,,0,0,0
1,1772830084698,trial_success,running,20,63,3,3,1,311,AREA,M,TIGHT,46,407.125,1,1,1,0,0,473.9
1,1772830084698,trial_start,running,20,63,3,3,2,312,AREA,M,TIGHT,,,,13,,0,0,0
1,1772830085552,trial_success,running,20,63,3,3,2,312,AREA,M,TIGHT,94,202.125,13,13,1,0,0,531.953
1,1772830085552,trial_start,running,20,63,3,3,3,313,AREA,M,TIGHT,,,,21,,0,0,0
1,1772830086476,trial_success,running,20,63,3,3,3,313,AREA,M,TIGHT,556,350.125,21,21,1,0,0,499.646
1,1772830086476,trial_start,running,20,63,3,3,4,314,AREA,M,TIGHT,,,,18,,0,0,0
1,1772830087339,trial_success,running,20,63,3,3,4,314,AREA,M,TIGHT,182,154.125,18,18,1,0,0,487.741
1,1772830087339,trial_start,running,20,63,3,3,5,315,AREA,M,TIGHT,,,,5,,0,0,0
1,1772830088327,trial_error_click,running,20,63,3,3,5,315,AREA,M,TIGHT,794,143.125,-1,5,0,0,1,617.573
1,1772830088590,trial_success,running,20,63,3,3,5,315,AREA,M,TIGHT,811,145.125,5,5,1,0,1,634.771
1,1772830088590,block_end,running,20,63,3,3,5,315,AREA,M,TIGHT,,,,5,,0,1,634.771
1,1772830088590,rest_screen,rest,20,63,3,3,5,315,AREA,M,TIGHT,,,,-1,,0,1,634.771
1,1772830089160,block_start,running,21,64,1,3,0,315,AREA,S,TIGHT,,,,-1,,0,1,634.771
1,1772830089160,trial_start,running,21,64,1,3,1,316,AREA,S,TIGHT,,,,25,,0,0,0
1,1772830090120,trial_success,running,21,64,1,3,1,316,AREA,S,TIGHT,270,285.125,25,25,1,0,0,228.287
1,1772830090120,trial_start,running,21,64,1,3,2,317,AREA,S,TIGHT,,,,5,,0,0,0
1,1772830091312,trial_success,running,21,64,1,3,2,317,AREA,S,TIGHT,747,112.125,5,5,1,0,0,592.168
1,1772830091312,trial_start,running,21,64,1,3,3,318,AREA,S,TIGHT,,,,26,,0,0,0
1,1772830092191,trial_success,running,21,64,1,3,3,318,AREA,S,TIGHT,850,148.125,26,26,1,0,0,139.623
1,1772830092191,trial_start,running,21,64,1,3,4,319,AREA,S,TIGHT,,,,10,,0,0,0
1,1772830093359,trial_success,running,21,64,1,3,4,319,AREA,S,TIGHT,278,324.125,10,10,1,0,0,665.823
1,1772830093360,trial_start,running,21,64,1,3,5,320,AREA,S,TIGHT,,,,23,,0,0,0
1,1772830094208,trial_success,running,21,64,1,3,5,320,AREA,S,TIGHT,614,282.125,23,23,1,0,0,377.742
1,1772830094208,block_end,running,21,64,1,3,5,320,AREA,S,TIGHT,,,,23,,0,0,377.742
1,1772830094208,rest_screen,rest,21,64,1,3,5,320,AREA,S,TIGHT,,,,-1,,0,0,377.742
1,1772830094742,block_start,running,21,65,2,3,0,320,AREA,S,TIGHT,,,,-1,,0,0,377.742
1,1772830094742,trial_start,running,21,65,2,3,1,321,AREA,S,TIGHT,,,,18,,0,0,0
1,1772830095782,trial_success,running,21,65,2,3,1,321,AREA,S,TIGHT,72,168.125,18,18,1,0,0,557.696
1,1772830095782,trial_start,running,21,65,2,3,2,322,AREA,S,TIGHT,,,,24,,0,0,0
1,1772830096810,trial_success,running,21,65,2,3,2,322,AREA,S,TIGHT,444,454.125,24,24,1,0,0,505.503
1,1772830096810,trial_start,running,21,65,2,3,3,323,AREA,S,TIGHT,,,,20,,0,0,0
1,1772830097700,trial_success,running,21,65,2,3,3,323,AREA,S,TIGHT,234,424.125,20,20,1,0,0,409.909
1,1772830097700,trial_start,running,21,65,2,3,4,324,AREA,S,TIGHT,,,,2,,0,0,0
1,1772830098648,trial_success,running,21,65,2,3,4,324,AREA,S,TIGHT,403,123.125,2,2,1,0,0,370.163
1,1772830098648,trial_start,running,21,65,2,3,5,325,AREA,S,TIGHT,,,,25,,0,0,0
1,1772830099638,trial_success,running,21,65,2,3,5,325,AREA,S,TIGHT,235,113.125,25,25,1,0,0,203.395
1,1772830099638,block_end,running,21,65,2,3,5,325,AREA,S,TIGHT,,,,25,,0,0,203.395
1,1772830099638,rest_screen,rest,21,65,2,3,5,325,AREA,S,TIGHT,,,,-1,,0,0,203.395
1,1772830100222,block_start,running,21,66,3,3,0,325,AREA,S,TIGHT,,,,-1,,0,0,203.395
1,1772830100222,trial_start,running,21,66,3,3,1,326,AREA,S,TIGHT,,,,5,,0,0,0
1,1772830101287,trial_success,running,21,66,3,3,1,326,AREA,S,TIGHT,874,311.125,5,5,1,0,0,404.493
1,1772830101287,trial_start,running,21,66,3,3,2,327,AREA,S,TIGHT,,,,23,,0,0,0
1,1772830102129,trial_success,running,21,66,3,3,2,327,AREA,S,TIGHT,808,386.125,23,23,1,0,0,223.107
1,1772830102129,trial_start,running,21,66,3,3,3,328,AREA,S,TIGHT,,,,14,,0,0,0
1,1772830103193,trial_success,running,21,66,3,3,3,328,AREA,S,TIGHT,312,158.125,14,14,1,0,0,683.803
1,1772830103193,trial_start,running,21,66,3,3,4,329,AREA,S,TIGHT,,,,4,,0,0,0
1,1772830103883,trial_success,running,21,66,3,3,4,329,AREA,S,TIGHT,253,258.125,4,4,1,0,0,221.487
1,1772830103884,trial_start,running,21,66,3,3,5,330,AREA,S,TIGHT,,,,21,,0,0,0
1,1772830105232,trial_success,running,21,66,3,3,5,330,AREA,S,TIGHT,603,95.125,21,21,1,0,0,544.002
1,1772830105232,block_end,running,21,66,3,3,5,330,AREA,S,TIGHT,,,,21,,0,0,544.002
1,1772830105232,rest_screen,rest,21,66,3,3,5,330,AREA,S,TIGHT,,,,-1,,0,0,544.002
1,1772830107670,block_start,running,22,67,1,3,0,330,AREA,M,MED,,,,-1,,0,0,544.002
1,1772830107670,trial_start,running,22,67,1,3,1,331,AREA,M,MED,,,,11,,0,0,0
1,1772830108517,trial_success,running,22,67,1,3,1,331,AREA,M,MED,470,454.125,11,11,1,0,0,232.358
1,1772830108517,trial_start,running,22,67,1,3,2,332,AREA,M,MED,,,,23,,0,0,0
1,1772830109427,trial_success,running,22,67,1,3,2,332,AREA,M,MED,199,101.125,23,23,1,0,0,477.953
1,1772830109427,trial_start,running,22,67,1,3,3,333,AREA,M,MED,,,,9,,0,0,0
1,1772830110341,trial_success,running,22,67,1,3,3,333,AREA,M,MED,921,117.125,9,9,1,0,0,744.333
1,1772830110341,trial_start,running,22,67,1,3,4,334,AREA,M,MED,,,,13,,0,0,0
1,1772830111374,trial_success,running,22,67,1,3,4,334,AREA,M,MED,251,423.125,13,13,1,0,0,808.924
1,1772830111374,trial_start,running,22,67,1,3,5,335,AREA,M,MED,,,,22,,0,0,0
1,1772830112231,trial_success,running,22,67,1,3,5,335,AREA,M,MED,458,30.125,22,22,1,0,0,466.868
1,1772830112231,block_end,running,22,67,1,3,5,335,AREA,M,MED,,,,22,,0,0,466.868
1,1772830112231,rest_screen,rest,22,67,1,3,5,335,AREA,M,MED,,,,-1,,0,0,466.868
1,1772830112861,block_start,running,22,68,2,3,0,335,AREA,M,MED,,,,-1,,0,0,466.868
1,1772830112861,trial_start,running,22,68,2,3,1,336,AREA,M,MED,,,,9,,0,0,0
1,1772830113792,trial_success,running,22,68,2,3,1,336,AREA,M,MED,696,171.125,9,9,1,0,0,297.273
1,1772830113792,trial_start,running,22,68,2,3,2,337,AREA,M,MED,,,,26,,0,0,0
1,1772830114495,trial_success,running,22,68,2,3,2,337,AREA,M,MED,816,126.125,26,26,1,0,0,200.864
1,1772830114495,trial_start,running,22,68,2,3,3,338,AREA,M,MED,,,,22,,0,0,0
1,1772830115441,trial_success,running,22,68,2,3,3,338,AREA,M,MED,679,345.125,22,22,1,0,0,289.428
1,1772830115441,trial_start,running,22,68,2,3,4,339,AREA,M,MED,,,,14,,0,0,0
1,1772830116422,trial_success,running,22,68,2,3,4,339,AREA,M,MED,217,158.125,14,14,1,0,0,572.658
1,1772830116423,trial_start,running,22,68,2,3,5,340,AREA,M,MED,,,,13,,0,0,0
1,1772830117472,trial_success,running,22,68,2,3,5,340,AREA,M,MED,932,302.125,13,13,1,0,0,750.676
1,1772830117472,block_end,running,22,68,2,3,5,340,AREA,M,MED,,,,13,,0,0,750.676
1,1772830117472,rest_screen,rest,22,68,2,3,5,340,AREA,M,MED,,,,-1,,0,0,750.676
1,1772830118065,block_start,running,22,69,3,3,0,340,AREA,M,MED,,,,-1,,0,0,750.676
1,1772830118065,trial_start,running,22,69,3,3,1,341,AREA,M,MED,,,,19,,0,0,0
1,1772830119011,trial_success,running,22,69,3,3,1,341,AREA,M,MED,667,130.125,19,19,1,0,0,317.53
1,1772830119011,trial_start,running,22,69,3,3,2,342,AREA,M,MED,,,,2,,0,0,0
1,1772830119785,trial_success,running,22,69,3,3,2,342,AREA,M,MED,835,367.125,2,2,1,0,0,530.021
1,1772830119785,trial_start,running,22,69,3,3,3,343,AREA,M,MED,,,,20,,0,0,0
1,1772830120577,trial_success,running,22,69,3,3,3,343,AREA,M,MED,139,238.125,20,20,1,0,0,712.78
1,1772830120577,trial_start,running,22,69,3,3,4,344,AREA,M,MED,,,,21,,0,0,0
1,1772830121486,trial_success,running,22,69,3,3,4,344,AREA,M,MED,127,458.125,21,21,1,0,0,532.7
1,1772830121486,trial_start,running,22,69,3,3,5,345,AREA,M,MED,,,,16,,0,0,0
1,1772830122146,trial_success,running,22,69,3,3,5,345,AREA,M,MED,306,335.125,16,16,1,0,0,285.71
1,1772830122146,block_end,running,22,69,3,3,5,345,AREA,M,MED,,,,16,,0,0,285.71
1,1772830122147,rest_screen,rest,22,69,3,3,5,345,AREA,M,MED,,,,-1,,0,0,285.71
1,1772830122715,block_start,running,23,70,1,3,0,345,AREA,M,LOOSE,,,,-1,,0,0,285.71
1,1772830122715,trial_start,running,23,70,1,3,1,346,AREA,M,LOOSE,,,,1,,0,0,0
1,1772830123720,trial_success,running,23,70,1,3,1,346,AREA,M,LOOSE,587,462.125,1,1,1,0,0,299.701
1,1772830123720,trial_start,running,23,70,1,3,2,347,AREA,M,LOOSE,,,,12,,0,0,0
1,1772830124470,trial_success,running,23,70,1,3,2,347,AREA,M,LOOSE,613,190.125,12,12,1,0,0,288.435
1,1772830124470,trial_start,running,23,70,1,3,3,348,AREA,M,LOOSE,,,,7,,0,0,0
1,1772830125296,trial_error_click,running,23,70,1,3,3,348,AREA,M,LOOSE,169,143.125,-1,7,0,0,1,476.201
1,1772830125835,trial_success,running,23,70,1,3,3,348,AREA,M,LOOSE,157,149.125,7,7,1,0,1,564.042
1,1772830125835,trial_start,running,23,70,1,3,4,349,AREA,M,LOOSE,,,,8,,0,0,0
1,1772830126698,trial_success,running,23,70,1,3,4,349,AREA,M,LOOSE,582,41.125,8,8,1,0,0,455.744
1,1772830126698,trial_start,running,23,70,1,3,5,350,AREA,M,LOOSE,,,,18,,0,0,0
1,1772830127733,trial_success,running,23,70,1,3,5,350,AREA,M,LOOSE,874,400.125,18,18,1,0,0,653.46
1,1772830127733,block_end,running,23,70,1,3,5,350,AREA,M,LOOSE,,,,18,,0,0,653.46
1,1772830127733,rest_screen,rest,23,70,1,3,5,350,AREA,M,LOOSE,,,,-1,,0,0,653.46
1,1772830128273,block_start,running,23,71,2,3,0,350,AREA,M,LOOSE,,,,-1,,0,0,653.46
1,1772830128274,trial_start,running,23,71,2,3,1,351,AREA,M,LOOSE,,,,1,,0,0,0
1,1772830129248,trial_success,running,23,71,2,3,1,351,AREA,M,LOOSE,151,199.125,1,1,1,0,0,420.276
1,1772830129248,trial_start,running,23,71,2,3,2,352,AREA,M,LOOSE,,,,21,,0,0,0
1,1772830130327,trial_success,running,23,71,2,3,2,352,AREA,M,LOOSE,609,476.125,21,21,1,0,0,655.586
1,1772830130328,trial_start,running,23,71,2,3,3,353,AREA,M,LOOSE,,,,7,,0,0,0
1,1772830131166,trial_success,running,23,71,2,3,3,353,AREA,M,LOOSE,521,92.125,7,7,1,0,0,404.167
1,1772830131166,trial_start,running,23,71,2,3,4,354,AREA,M,LOOSE,,,,24,,0,0,0
1,1772830132159,trial_success,running,23,71,2,3,4,354,AREA,M,LOOSE,508,309.125,24,24,1,0,0,221.128
1,1772830132159,trial_start,running,23,71,2,3,5,355,AREA,M,LOOSE,,,,9,,0,0,0
1,1772830133244,trial_success,running,23,71,2,3,5,355,AREA,M,LOOSE,833,219.125,9,9,1,0,0,374.645
1,1772830133244,block_end,running,23,71,2,3,5,355,AREA,M,LOOSE,,,,9,,0,0,374.645
1,1772830133244,rest_screen,rest,23,71,2,3,5,355,AREA,M,LOOSE,,,,-1,,0,0,374.645
1,1772830134107,block_start,running,23,72,3,3,0,355,AREA,M,LOOSE,,,,-1,,0,0,374.645
1,1772830134108,trial_start,running,23,72,3,3,1,356,AREA,M,LOOSE,,,,1,,0,0,0
1,1772830135135,trial_success,running,23,72,3,3,1,356,AREA,M,LOOSE,559,37.125,1,1,1,0,0,322.239
1,1772830135135,trial_start,running,23,72,3,3,2,357,AREA,M,LOOSE,,,,8,,0,0,0
1,1772830135833,trial_success,running,23,72,3,3,2,357,AREA,M,LOOSE,559,152.125,8,8,1,0,0,127.023
1,1772830135833,trial_start,running,23,72,3,3,3,358,AREA,M,LOOSE,,,,10,,0,0,0
1,1772830136748,trial_success,running,23,72,3,3,3,358,AREA,M,LOOSE,334,482.125,10,10,1,0,0,414.02
1,1772830136748,trial_start,running,23,72,3,3,4,359,AREA,M,LOOSE,,,,23,,0,0,0
1,1772830137618,trial_success,running,23,72,3,3,4,359,AREA,M,LOOSE,51,468.125,23,23,1,0,0,625.526
1,1772830137619,trial_start,running,23,72,3,3,5,360,AREA,M,LOOSE,,,,5,,0,0,0
1,1772830138472,trial_success,running,23,72,3,3,5,360,AREA,M,LOOSE,102,68.125,5,5,1,0,0,613.715
1,1772830138472,block_end,running,23,72,3,3,5,360,AREA,M,LOOSE,,,,5,,0,0,613.715
1,1772830138472,rest_screen,rest,23,72,3,3,5,360,AREA,M,LOOSE,,,,-1,,0,0,613.715
1,1772830139073,block_start,running,24,73,1,3,0,360,AREA,L,TIGHT,,,,-1,,0,0,613.715
1,1772830139073,trial_start,running,24,73,1,3,1,361,AREA,L,TIGHT,,,,21,,0,0,0
1,1772830139859,trial_success,running,24,73,1,3,1,361,AREA,L,TIGHT,732,114.125,21,21,1,0,0,266.295
1,1772830139859,trial_start,running,24,73,1,3,2,362,AREA,L,TIGHT,,,,15,,0,0,0
1,1772830140881,trial_success,running,24,73,1,3,2,362,AREA,L,TIGHT,218,451.125,15,15,1,0,0,785.065
1,1772830140881,trial_start,running,24,73,1,3,3,363,AREA,L,TIGHT,,,,20,,0,0,0
1,1772830141705,trial_success,running,24,73,1,3,3,363,AREA,L,TIGHT,59,82.125,20,20,1,0,0,682.64
1,1772830141706,trial_start,running,24,73,1,3,4,364,AREA,L,TIGHT,,,,29,,0,0,0
1,1772830142686,trial_success,running,24,73,1,3,4,364,AREA,L,TIGHT,798,124.125,29,29,1,0,0,847.82
1,1772830142686,trial_start,running,24,73,1,3,5,365,AREA,L,TIGHT,,,,9,,0,0,0
1,1772830143680,trial_success,running,24,73,1,3,5,365,AREA,L,TIGHT,445,274.125,9,9,1,0,0,397.069
1,1772830143680,block_end,running,24,73,1,3,5,365,AREA,L,TIGHT,,,,9,,0,0,397.069
1,1772830143680,rest_screen,rest,24,73,1,3,5,365,AREA,L,TIGHT,,,,-1,,0,0,397.069
1,1772830144256,block_start,running,24,74,2,3,0,365,AREA,L,TIGHT,,,,-1,,0,0,397.069
1,1772830144256,trial_start,running,24,74,2,3,1,366,AREA,L,TIGHT,,,,0,,0,0,0
1,1772830145266,trial_success,running,24,74,2,3,1,366,AREA,L,TIGHT,483,465.125,0,0,1,0,0,228.639
1,1772830145266,trial_start,running,24,74,2,3,2,367,AREA,L,TIGHT,,,,6,,0,0,0
1,1772830146049,trial_success,running,24,74,2,3,2,367,AREA,L,TIGHT,274,127.125,6,6,1,0,0,416.169
1,1772830146050,trial_start,running,24,74,2,3,3,368,AREA,L,TIGHT,,,,9,,0,0,0
1,1772830146843,trial_success,running,24,74,2,3,3,368,AREA,L,TIGHT,193,140.125,9,9,1,0,0,208.585
1,1772830146843,trial_start,running,24,74,2,3,4,369,AREA,L,TIGHT,,,,29,,0,0,0
1,1772830147734,trial_success,running,24,74,2,3,4,369,AREA,L,TIGHT,474,403.125,29,29,1,0,0,440.811
1,1772830147735,trial_start,running,24,74,2,3,5,370,AREA,L,TIGHT,,,,28,,0,0,0
1,1772830148462,trial_success,running,24,74,2,3,5,370,AREA,L,TIGHT,292,360.125,28,28,1,0,0,276.366
1,1772830148462,block_end,running,24,74,2,3,5,370,AREA,L,TIGHT,,,,28,,0,0,276.366
1,1772830148462,rest_screen,rest,24,74,2,3,5,370,AREA,L,TIGHT,,,,-1,,0,0,276.366
1,1772830149084,block_start,running,24,75,3,3,0,370,AREA,L,TIGHT,,,,-1,,0,0,276.366
1,1772830149084,trial_start,running,24,75,3,3,1,371,AREA,L,TIGHT,,,,25,,0,0,0
1,1772830150089,trial_success,running,24,75,3,3,1,371,AREA,L,TIGHT,149,69.125,25,25,1,0,0,445.859
1,1772830150089,trial_start,running,24,75,3,3,2,372,AREA,L,TIGHT,,,,0,,0,0,0
1,1772830150907,trial_success,running,24,75,3,3,2,372,AREA,L,TIGHT,719,360.125,0,0,1,0,0,656.089
1,1772830150907,trial_start,running,24,75,3,3,3,373,AREA,L,TIGHT,,,,1,,0,0,0
1,1772830151617,trial_success,running,24,75,3,3,3,373,AREA,L,TIGHT,574,253.125,1,1,1,0,0,186.737
1,1772830151617,trial_start,running,24,75,3,3,4,374,AREA,L,TIGHT,,,,8,,0,0,0
1,1772830152414,trial_success,running,24,75,3,3,4,374,AREA,L,TIGHT,498,432.125,8,8,1,0,0,207.056
1,1772830152414,trial_start,running,24,75,3,3,5,375,AREA,L,TIGHT,,,,10,,0,0,0
1,1772830153315,trial_success,running,24,75,3,3,5,375,AREA,L,TIGHT,699,187.125,10,10,1,0,0,349.595
1,1772830153315,block_end,running,24,75,3,3,5,375,AREA,L,TIGHT,,,,10,,0,0,349.595
1,1772830153315,rest_screen,rest,24,75,3,3,5,375,AREA,L,TIGHT,,,,-1,,0,0,349.595
1,1772830153953,block_start,running,25,76,1,3,0,375,AREA,L,MED,,,,-1,,0,0,349.595
1,1772830153953,trial_start,running,25,76,1,3,1,376,AREA,L,MED,,,,19,,0,0,0
1,1772830154808,trial_success,running,25,76,1,3,1,376,AREA,L,MED,195,454.125,19,19,1,0,0,368.285
1,1772830154809,trial_start,running,25,76,1,3,2,377,AREA,L,MED,,,,23,,0,0,0
1,1772830155715,trial_success,running,25,76,1,3,2,377,AREA,L,MED,516,47.125,23,23,1,0,0,522.474
1,1772830155715,trial_start,running,25,76,1,3,3,378,AREA,L,MED,,,,16,,0,0,0
1,1772830156726,trial_success,running,25,76,1,3,3,378,AREA,L,MED,180,204.125,16,16,1,0,0,465.827
1,1772830156726,trial_start,running,25,76,1,3,4,379,AREA,L,MED,,,,6,,0,0,0
1,1772830157629,trial_success,running,25,76,1,3,4,379,AREA,L,MED,365,412.125,6,6,1,0,0,724.825
1,1772830157629,trial_start,running,25,76,1,3,5,380,AREA,L,MED,,,,23,,0,0,0
1,1772830158670,trial_success,running,25,76,1,3,5,380,AREA,L,MED,535,44.125,23,23,1,0,0,413.124
1,1772830158670,block_end,running,25,76,1,3,5,380,AREA,L,MED,,,,23,,0,0,413.124
1,1772830158670,rest_screen,rest,25,76,1,3,5,380,AREA,L,MED,,,,-1,,0,0,413.124
1,1772830159430,block_start,running,25,77,2,3,0,380,AREA,L,MED,,,,-1,,0,0,413.124
1,1772830159431,trial_start,running,25,77,2,3,1,381,AREA,L,MED,,,,21,,0,0,0
1,1772830160208,trial_success,running,25,77,2,3,1,381,AREA,L,MED,507,298.125,21,21,1,0,0,68.054
1,1772830160208,trial_start,running,25,77,2,3,2,382,AREA,L,MED,,,,9,,0,0,0
1,1772830161108,trial_success,running,25,77,2,3,2,382,AREA,L,MED,354,53.125,9,9,1,0,0,294.72
1,1772830161109,trial_start,running,25,77,2,3,3,383,AREA,L,MED,,,,5,,0,0,0
1,1772830161911,trial_success,running,25,77,2,3,3,383,AREA,L,MED,576,106.125,5,5,1,0,0,289.038
1,1772830161912,trial_start,running,25,77,2,3,4,384,AREA,L,MED,,,,7,,0,0,0
1,1772830162615,trial_success,running,25,77,2,3,4,384,AREA,L,MED,416,136.125,7,7,1,0,0,216.055
1,1772830162615,trial_start,running,25,77,2,3,5,385,AREA,L,MED,,,,26,,0,0,0
1,1772830163319,trial_success,running,25,77,2,3,5,385,AREA,L,MED,510,192.125,26,26,1,0,0,119.32
1,1772830163319,block_end,running,25,77,2,3,5,385,AREA,L,MED,,,,26,,0,0,119.32
1,1772830163320,rest_screen,rest,25,77,2,3,5,385,AREA,L,MED,,,,-1,,0,0,119.32
1,1772830163972,block_start,running,25,78,3,3,0,385,AREA,L,MED,,,,-1,,0,0,119.32
1,1772830163972,trial_start,running,25,78,3,3,1,386,AREA,L,MED,,,,4,,0,0,0
1,1772830164959,trial_success,running,25,78,3,3,1,386,AREA,L,MED,778,445.125,4,4,1,0,0,559.446
1,1772830164959,trial_start,running,25,78,3,3,2,387,AREA,L,MED,,,,14,,0,0,0
1,1772830165772,trial_success,running,25,78,3,3,2,387,AREA,L,MED,521,185.125,14,14,1,0,0,379.751
1,1772830165773,trial_start,running,25,78,3,3,3,388,AREA,L,MED,,,,8,,0,0,0
1,1772830166608,trial_success,running,25,78,3,3,3,388,AREA,L,MED,255,339.125,8,8,1,0,0,360.381
1,1772830166609,trial_start,running,25,78,3,3,4,389,AREA,L,MED,,,,15,,0,0,0
1,1772830167354,trial_success,running,25,78,3,3,4,389,AREA,L,MED,51,95.125,15,15,1,0,0,548.161
1,1772830167355,trial_start,running,25,78,3,3,5,390,AREA,L,MED,,,,23,,0,0,0
1,1772830168165,trial_success,running,25,78,3,3,5,390,AREA,L,MED,591,270.125,23,23,1,0,0,576.153
1,1772830168165,block_end,running,25,78,3,3,5,390,AREA,L,MED,,,,23,,0,0,576.153
1,1772830168165,rest_screen,rest,25,78,3,3,5,390,AREA,L,MED,,,,-1,,0,0,576.153
1,1772830168938,block_start,running,26,79,1,3,0,390,AREA,L,LOOSE,,,,-1,,0,0,576.153
1,1772830168938,trial_start,running,26,79,1,3,1,391,AREA,L,LOOSE,,,,18,,0,0,0
1,1772830169788,trial_success,running,26,79,1,3,1,391,AREA,L,LOOSE,581,56.125,18,18,1,0,0,241.311
1,1772830169789,trial_start,running,26,79,1,3,2,392,AREA,L,LOOSE,,,,7,,0,0,0
1,1772830170512,trial_success,running,26,79,1,3,2,392,AREA,L,LOOSE,865,93.125,7,7,1,0,0,368.331
1,1772830170512,trial_start,running,26,79,1,3,3,393,AREA,L,LOOSE,,,,6,,0,0,0
1,1772830171390,trial_error_click,running,26,79,1,3,3,393,AREA,L,LOOSE,770,176.125,-1,6,0,0,1,361.145
1,1772830171802,trial_success,running,26,79,1,3,3,393,AREA,L,LOOSE,783,162.125,6,6,1,0,1,380.691
1,1772830171802,trial_start,running,26,79,1,3,4,394,AREA,L,LOOSE,,,,16,,0,0,0
1,1772830172537,trial_success,running,26,79,1,3,4,394,AREA,L,LOOSE,615,150.125,16,16,1,0,0,298.765
1,1772830172538,trial_start,running,26,79,1,3,5,395,AREA,L,LOOSE,,,,23,,0,0,0
1,1772830173422,trial_success,running,26,79,1,3,5,395,AREA,L,LOOSE,861,430.125,23,23,1,0,0,470.532
1,1772830173422,block_end,running,26,79,1,3,5,395,AREA,L,LOOSE,,,,23,,0,0,470.532
1,1772830173423,rest_screen,rest,26,79,1,3,5,395,AREA,L,LOOSE,,,,-1,,0,0,470.532
1,1772830174195,block_start,running,26,80,2,3,0,395,AREA,L,LOOSE,,,,-1,,0,0,470.532
1,1772830174195,trial_start,running,26,80,2,3,1,396,AREA,L,LOOSE,,,,26,,0,0,0
1,1772830175269,trial_success,running,26,80,2,3,1,396,AREA,L,LOOSE,880,216.125,26,26,1,0,0,403.454
1,1772830175269,trial_start,running,26,80,2,3,2,397,AREA,L,LOOSE,,,,13,,0,0,0
1,1772830176242,trial_success,running,26,80,2,3,2,397,AREA,L,LOOSE,62,405.125,13,13,1,0,0,864.714
1,1772830176242,trial_start,running,26,80,2,3,3,398,AREA,L,LOOSE,,,,9,,0,0,0
1,1772830176950,trial_success,running,26,80,2,3,3,398,AREA,L,LOOSE,753,447.125,9,9,1,0,0,743.84
1,1772830176950,trial_start,running,26,80,2,3,4,399,AREA,L,LOOSE,,,,21,,0,0,0
1,1772830177633,trial_success,running,26,80,2,3,4,399,AREA,L,LOOSE,529,351.125,21,21,1,0,0,265.908
1,1772830177634,trial_start,running,26,80,2,3,5,400,AREA,L,LOOSE,,,,9,,0,0,0
1,1772830178800,trial_success,running,26,80,2,3,5,400,AREA,L,LOOSE,734,432.125,9,9,1,0,0,240.834
1,1772830178800,block_end,running,26,80,2,3,5,400,AREA,L,LOOSE,,,,9,,0,0,240.834
1,1772830178801,rest_screen,rest,26,80,2,3,5,400,AREA,L,LOOSE,,,,-1,,0,0,240.834
1,1772830179619,block_start,running,26,81,3,3,0,400,AREA,L,LOOSE,,,,-1,,0,0,240.834
1,1772830179619,trial_start,running,26,81,3,3,1,401,AREA,L,LOOSE,,,,19,,0,0,0
1,1772830180398,trial_success,running,26,81,3,3,1,401,AREA,L,LOOSE,447,479.125,19,19,1,0,0,205.494
1,1772830180398,trial_start,running,26,81,3,3,2,402,AREA,L,LOOSE,,,,5,,0,0,0
1,1772830181254,trial_success,running,26,81,3,3,2,402,AREA,L,LOOSE,58,292.125,5,5,1,0,0,534.567
1,1772830181254,trial_start,running,26,81,3,3,3,403,AREA,L,LOOSE,,,,15,,0,0,0
1,1772830182220,trial_success,running,26,81,3,3,3,403,AREA,L,LOOSE,563,361.125,15,15,1,0,0,628.534
1,1772830182220,trial_start,running,26,81,3,3,4,404,AREA,L,LOOSE,,,,26,,0,0,0
1,1772830182948,trial_success,running,26,81,3,3,4,404,AREA,L,LOOSE,789,427.125,26,26,1,0,0,338.222
1,1772830182948,trial_start,running,26,81,3,3,5,405,AREA,L,LOOSE,,,,5,,0,0,0
1,1772830183856,trial_success,running,26,81,3,3,5,405,AREA,L,LOOSE,60,275.125,5,5,1,0,0,779.509
1,1772830183856,block_end,running,26,81,3,3,5,405,AREA,L,LOOSE,,,,5,,0,0,779.509
1,1772830183856,study_complete,complete,26,81,3,3,5,405,AREA,L,LOOSE,,,,-1,,0,0,779.509
